========================================================================
ACCOUNT SNAPSHOT - TIMESTAMP: 2026-08-16T14:00:09.899278800
========================================================================
Account No   | Holder Name          | Account Type |      Balance
------------------------------------------------------------------------
1002         | Akshay               | Current      | ₹    9500.00
========================================================================

========================================================================
ACCOUNT SNAPSHOT - TIMESTAMP: 2026-08-16T14:00:39.877234
========================================================================
Account No   | Holder Name          | Account Type |      Balance
------------------------------------------------------------------------
1002         | Akshay               | Current      | ₹    9500.00
========================================================================

========================================================================
ACCOUNT SNAPSHOT - TIMESTAMP: 2026-08-16T14:01:09.889074900
========================================================================
Account No   | Holder Name          | Account Type |      Balance
------------------------------------------------------------------------
1002         | Akshay               | Current      | ₹    9500.00
========================================================================

========================================================================
ACCOUNT SNAPSHOT - TIMESTAMP: 2026-08-16T14:01:39.891635700
========================================================================
Account No   | Holder Name          | Account Type |      Balance
------------------------------------------------------------------------
1002         | Akshay               | Current      | ₹    9500.00
========================================================================

========================================================================
ACCOUNT SNAPSHOT - TIMESTAMP: 2026-08-16T14:02:09.895065800
========================================================================
Account No   | Holder Name          | Account Type |      Balance
------------------------------------------------------------------------
1002         | Akshay               | Current      | ₹    9500.00
========================================================================

========================================================================
ACCOUNT SNAPSHOT - TIMESTAMP: 2026-08-16T14:02:39.904378200
========================================================================
Account No   | Holder Name          | Account Type |      Balance
------------------------------------------------------------------------
1002         | Akshay               | Current      | ₹    9500.00
========================================================================

========================================================================
ACCOUNT SNAPSHOT - TIMESTAMP: 2026-08-16T14:03:09.925318100
========================================================================
Account No   | Holder Name          | Account Type |      Balance
------------------------------------------------------------------------
1002         | Akshay               | Current      | ₹    9500.00
========================================================================

========================================================================
ACCOUNT SNAPSHOT - TIMESTAMP: 2026-08-16T14:03:39.945771800
========================================================================
Account No   | Holder Name          | Account Type |      Balance
------------------------------------------------------------------------
1002         | Akshay               | Current      | ₹    9500.00
========================================================================

========================================================================
ACCOUNT SNAPSHOT - TIMESTAMP: 2026-08-16T14:04:09.961466700
========================================================================
Account No   | Holder Name          | Account Type |      Balance
------------------------------------------------------------------------
1002         | Akshay               | Current      | ₹    9500.00
========================================================================

========================================================================
ACCOUNT SNAPSHOT - TIMESTAMP: 2026-08-16T14:04:39.969073300
========================================================================
Account No   | Holder Name          | Account Type |      Balance
------------------------------------------------------------------------
1002         | Akshay               | Current      | ₹    9500.00
========================================================================

========================================================================
ACCOUNT SNAPSHOT - TIMESTAMP: 2026-08-16T14:05:09.971578800
========================================================================
Account No   | Holder Name          | Account Type |      Balance
------------------------------------------------------------------------
1002         | Akshay               | Current      | ₹    9500.00
========================================================================

========================================================================
ACCOUNT SNAPSHOT - TIMESTAMP: 2026-08-16T14:05:39.978004300
========================================================================
Account No   | Holder Name          | Account Type |      Balance
------------------------------------------------------------------------
1002         | Akshay               | Current      | ₹    9500.00
========================================================================

========================================================================
ACCOUNT SNAPSHOT - TIMESTAMP: 2026-08-16T14:06:09.987666600
========================================================================
Account No   | Holder Name          | Account Type |      Balance
------------------------------------------------------------------------
1002         | Akshay               | Current      | ₹    9500.00
========================================================================

========================================================================
ACCOUNT SNAPSHOT - TIMESTAMP: 2026-08-16T14:06:39.990482500
========================================================================
Account No   | Holder Name          | Account Type |      Balance
------------------------------------------------------------------------
1002         | Akshay               | Current      | ₹    9500.00
========================================================================

========================================================================
ACCOUNT SNAPSHOT - TIMESTAMP: 2026-08-16T14:07:10.003682200
========================================================================
Account No   | Holder Name          | Account Type |      Balance
------------------------------------------------------------------------
1002         | Akshay               | Current      | ₹    9500.00
========================================================================

========================================================================
ACCOUNT SNAPSHOT - TIMESTAMP: 2026-08-16T14:07:40.017146
========================================================================
Account No   | Holder Name          | Account Type |      Balance
------------------------------------------------------------------------
1002         | Akshay               | Current      | ₹    9500.00
========================================================================

========================================================================
ACCOUNT SNAPSHOT - TIMESTAMP: 2026-08-16T14:08:10.025283
========================================================================
Account No   | Holder Name          | Account Type |      Balance
------------------------------------------------------------------------
1002         | Akshay               | Current      | ₹    9500.00
========================================================================

========================================================================
ACCOUNT SNAPSHOT - TIMESTAMP: 2026-08-16T14:08:40.041764
========================================================================
Account No   | Holder Name          | Account Type |      Balance
------------------------------------------------------------------------
1002         | Akshay               | Current      | ₹    9500.00
========================================================================

========================================================================
ACCOUNT SNAPSHOT - TIMESTAMP: 2026-08-16T14:09:10.043079
========================================================================
Account No   | Holder Name          | Account Type |      Balance
------------------------------------------------------------------------
1002         | Akshay               | Current      | ₹    9500.00
========================================================================

========================================================================
ACCOUNT SNAPSHOT - TIMESTAMP: 2026-08-16T14:09:40.045773800
========================================================================
Account No   | Holder Name          | Account Type |      Balance
------------------------------------------------------------------------
1002         | Akshay               | Current      | ₹    9500.00
========================================================================

========================================================================
ACCOUNT SNAPSHOT - TIMESTAMP: 2026-08-16T14:10:10.047606500
========================================================================
Account No   | Holder Name          | Account Type |      Balance
------------------------------------------------------------------------
1002         | Akshay               | Current      | ₹    9500.00
========================================================================

========================================================================
ACCOUNT SNAPSHOT - TIMESTAMP: 2026-08-16T14:10:40.048749200
========================================================================
Account No   | Holder Name          | Account Type |      Balance
------------------------------------------------------------------------
1002         | Akshay               | Current      | ₹    9500.00
========================================================================

========================================================================
ACCOUNT SNAPSHOT - TIMESTAMP: 2026-08-16T14:11:00.465077400
========================================================================
Account No   | Holder Name          | Account Type |      Balance
------------------------------------------------------------------------
1002         | Akshay               | Current      | ₹    9500.00
========================================================================

========================================================================
ACCOUNT SNAPSHOT - TIMESTAMP: 2026-08-16T14:11:30.447308100
========================================================================
Account No   | Holder Name          | Account Type |      Balance
------------------------------------------------------------------------
1002         | Akshay               | Current      | ₹    9500.00
========================================================================

========================================================================
ACCOUNT SNAPSHOT - TIMESTAMP: 2026-08-16T14:12:00.461429700
========================================================================
Account No   | Holder Name          | Account Type |      Balance
------------------------------------------------------------------------
1002         | Akshay               | Current      | ₹    9500.00
========================================================================

========================================================================
ACCOUNT SNAPSHOT - TIMESTAMP: 2026-08-16T14:12:30.475496300
========================================================================
Account No   | Holder Name          | Account Type |      Balance
------------------------------------------------------------------------
1002         | Akshay               | Current      | ₹    9500.00
========================================================================

========================================================================
ACCOUNT SNAPSHOT - TIMESTAMP: 2026-08-16T21:31:55.767430300
========================================================================
Account No   | Holder Name          | Account Type |      Balance
------------------------------------------------------------------------
1002         | Akshay               | Current      | ₹    9500.00
========================================================================

========================================================================
ACCOUNT SNAPSHOT - TIMESTAMP: 2026-08-16T21:32:25.878908700
========================================================================
Account No   | Holder Name          | Account Type |      Balance
------------------------------------------------------------------------
1002         | Akshay               | Current      | ₹    9500.00
========================================================================

========================================================================
ACCOUNT SNAPSHOT - TIMESTAMP: 2026-08-16T21:32:57.269534200
========================================================================
Account No   | Holder Name          | Account Type |      Balance
------------------------------------------------------------------------
1002         | Akshay               | Current      | ₹    9500.00
========================================================================

========================================================================
ACCOUNT SNAPSHOT - TIMESTAMP: 2026-08-16T21:33:27.284598500
========================================================================
Account No   | Holder Name          | Account Type |      Balance
------------------------------------------------------------------------
1002         | Akshay               | Current      | ₹    9500.00
========================================================================

========================================================================
ACCOUNT SNAPSHOT - TIMESTAMP: 2026-08-16T21:33:57.301855500
========================================================================
Account No   | Holder Name          | Account Type |      Balance
------------------------------------------------------------------------
1002         | Akshay               | Current      | ₹    9500.00
========================================================================

========================================================================
ACCOUNT SNAPSHOT - TIMESTAMP: 2026-08-16T21:34:27.307480800
========================================================================
Account No   | Holder Name          | Account Type |      Balance
------------------------------------------------------------------------
1002         | Akshay               | Current      | ₹    9500.00
========================================================================

========================================================================
ACCOUNT SNAPSHOT - TIMESTAMP: 2026-08-16T21:34:57.314798300
========================================================================
Account No   | Holder Name          | Account Type |      Balance
------------------------------------------------------------------------
1002         | Akshay               | Current      | ₹    9500.00
========================================================================

========================================================================
ACCOUNT SNAPSHOT - TIMESTAMP: 2026-08-16T21:35:27.330085700
========================================================================
Account No   | Holder Name          | Account Type |      Balance
------------------------------------------------------------------------
1002         | Akshay               | Current      | ₹    9500.00
========================================================================

========================================================================
ACCOUNT SNAPSHOT - TIMESTAMP: 2026-08-16T21:35:57.351055900
========================================================================
Account No   | Holder Name          | Account Type |      Balance
------------------------------------------------------------------------
1002         | Akshay               | Current      | ₹    9500.00
========================================================================

========================================================================
ACCOUNT SNAPSHOT - TIMESTAMP: 2026-08-16T21:36:27.361147700
========================================================================
Account No   | Holder Name          | Account Type |      Balance
------------------------------------------------------------------------
1002         | Akshay               | Current      | ₹    9500.00
========================================================================

========================================================================
ACCOUNT SNAPSHOT - TIMESTAMP: 2026-08-16T21:36:57.373280600
========================================================================
Account No   | Holder Name          | Account Type |      Balance
------------------------------------------------------------------------
1002         | Akshay               | Current      | ₹    9500.00
========================================================================

========================================================================
ACCOUNT SNAPSHOT - TIMESTAMP: 2026-08-16T21:37:27.381430800
========================================================================
Account No   | Holder Name          | Account Type |      Balance
------------------------------------------------------------------------
1002         | Akshay               | Current      | ₹    9500.00
========================================================================

========================================================================
ACCOUNT SNAPSHOT - TIMESTAMP: 2026-08-16T21:37:57.398772200
========================================================================
Account No   | Holder Name          | Account Type |      Balance
------------------------------------------------------------------------
1002         | Akshay               | Current      | ₹    9500.00
========================================================================

========================================================================
ACCOUNT SNAPSHOT - TIMESTAMP: 2026-08-16T21:38:27.407559100
========================================================================
Account No   | Holder Name          | Account Type |      Balance
------------------------------------------------------------------------
1002         | Akshay               | Current      | ₹    9500.00
========================================================================

========================================================================
ACCOUNT SNAPSHOT - TIMESTAMP: 2026-08-16T21:38:57.411838900
========================================================================
Account No   | Holder Name          | Account Type |      Balance
------------------------------------------------------------------------
1002         | Akshay               | Current      | ₹    9500.00
========================================================================

========================================================================
ACCOUNT SNAPSHOT - TIMESTAMP: 2026-08-16T21:39:27.417681500
========================================================================
Account No   | Holder Name          | Account Type |      Balance
------------------------------------------------------------------------
1002         | Akshay               | Current      | ₹    9500.00
========================================================================

========================================================================
ACCOUNT SNAPSHOT - TIMESTAMP: 2026-08-16T21:39:57.446340600
========================================================================
Account No   | Holder Name          | Account Type |      Balance
------------------------------------------------------------------------
1002         | Akshay               | Current      | ₹    9500.00
========================================================================

========================================================================
ACCOUNT SNAPSHOT - TIMESTAMP: 2026-08-16T21:40:27.457216
========================================================================
Account No   | Holder Name          | Account Type |      Balance
------------------------------------------------------------------------
1002         | Akshay               | Current      | ₹    9500.00
========================================================================

========================================================================
ACCOUNT SNAPSHOT - TIMESTAMP: 2026-08-16T21:40:57.470120100
========================================================================
Account No   | Holder Name          | Account Type |      Balance
------------------------------------------------------------------------
1002         | Akshay               | Current      | ₹    9500.00
========================================================================

========================================================================
ACCOUNT SNAPSHOT - TIMESTAMP: 2026-08-16T21:41:27.479240700
========================================================================
Account No   | Holder Name          | Account Type |      Balance
------------------------------------------------------------------------
1002         | Akshay               | Current      | ₹    9500.00
========================================================================

========================================================================
ACCOUNT SNAPSHOT - TIMESTAMP: 2026-08-16T21:41:57.491766800
========================================================================
Account No   | Holder Name          | Account Type |      Balance
------------------------------------------------------------------------
1002         | Akshay               | Current      | ₹    9500.00
========================================================================

========================================================================
ACCOUNT SNAPSHOT - TIMESTAMP: 2026-08-16T21:42:27.503561
========================================================================
Account No   | Holder Name          | Account Type |      Balance
------------------------------------------------------------------------
1002         | Akshay               | Current      | ₹    9500.00
========================================================================

========================================================================
ACCOUNT SNAPSHOT - TIMESTAMP: 2026-08-16T21:42:57.508900300
========================================================================
Account No   | Holder Name          | Account Type |      Balance
------------------------------------------------------------------------
1002         | Akshay               | Current      | ₹    9500.00
========================================================================

========================================================================
ACCOUNT SNAPSHOT - TIMESTAMP: 2026-08-16T21:43:27.520571300
========================================================================
Account No   | Holder Name          | Account Type |      Balance
------------------------------------------------------------------------
1002         | Akshay               | Current      | ₹    9500.00
========================================================================

========================================================================
ACCOUNT SNAPSHOT - TIMESTAMP: 2026-08-16T21:43:57.526793700
========================================================================
Account No   | Holder Name          | Account Type |      Balance
------------------------------------------------------------------------
1002         | Akshay               | Current      | ₹    9500.00
========================================================================

========================================================================
ACCOUNT SNAPSHOT - TIMESTAMP: 2026-08-17T13:40:24.545226600
========================================================================
Account No   | Holder Name          | Account Type |      Balance
------------------------------------------------------------------------
1002         | Akshay               | Current      | ₹    9500.00
========================================================================

========================================================================
ACCOUNT SNAPSHOT - TIMESTAMP: 2026-08-17T13:40:54.580979
========================================================================
Account No   | Holder Name          | Account Type |      Balance
------------------------------------------------------------------------
1002         | Akshay               | Current      | ₹    9500.00
========================================================================

========================================================================
ACCOUNT SNAPSHOT - TIMESTAMP: 2026-08-17T13:41:24.624134900
========================================================================
Account No   | Holder Name          | Account Type |      Balance
------------------------------------------------------------------------
1002         | Akshay               | Current      | ₹    9500.00
========================================================================

========================================================================
ACCOUNT SNAPSHOT - TIMESTAMP: 2026-08-17T13:41:54.639490800
========================================================================
Account No   | Holder Name          | Account Type |      Balance
------------------------------------------------------------------------
1002         | Akshay               | Current      | ₹    9500.00
========================================================================

========================================================================
ACCOUNT SNAPSHOT - TIMESTAMP: 2026-08-17T13:42:24.654408100
========================================================================
Account No   | Holder Name          | Account Type |      Balance
------------------------------------------------------------------------
1002         | Akshay               | Current      | ₹    9500.00
========================================================================

========================================================================
ACCOUNT SNAPSHOT - TIMESTAMP: 2026-08-17T13:42:54.664482
========================================================================
Account No   | Holder Name          | Account Type |      Balance
------------------------------------------------------------------------
1002         | Akshay               | Current      | ₹    9500.00
========================================================================

========================================================================
ACCOUNT SNAPSHOT - TIMESTAMP: 2026-08-17T13:43:24.679301
========================================================================
Account No   | Holder Name          | Account Type |      Balance
------------------------------------------------------------------------
1002         | Akshay               | Current      | ₹    9500.00
========================================================================

========================================================================
ACCOUNT SNAPSHOT - TIMESTAMP: 2026-08-17T13:43:54.690889700
========================================================================
Account No   | Holder Name          | Account Type |      Balance
------------------------------------------------------------------------
1002         | Akshay               | Current      | ₹    9500.00
========================================================================

========================================================================
ACCOUNT SNAPSHOT - TIMESTAMP: 2026-08-17T13:44:24.703755400
========================================================================
Account No   | Holder Name          | Account Type |      Balance
------------------------------------------------------------------------
1002         | Akshay               | Current      | ₹    9500.00
========================================================================

========================================================================
ACCOUNT SNAPSHOT - TIMESTAMP: 2026-08-17T13:44:54.717355700
========================================================================
Account No   | Holder Name          | Account Type |      Balance
------------------------------------------------------------------------
1002         | Akshay               | Current      | ₹    9500.00
========================================================================

========================================================================
ACCOUNT SNAPSHOT - TIMESTAMP: 2026-08-17T13:45:24.729250500
========================================================================
Account No   | Holder Name          | Account Type |      Balance
------------------------------------------------------------------------
1002         | Akshay               | Current      | ₹    9500.00
========================================================================

========================================================================
ACCOUNT SNAPSHOT - TIMESTAMP: 2026-08-17T13:45:54.745232900
========================================================================
Account No   | Holder Name          | Account Type |      Balance
------------------------------------------------------------------------
1002         | Akshay               | Current      | ₹    9500.00
========================================================================

========================================================================
ACCOUNT SNAPSHOT - TIMESTAMP: 2026-08-17T13:46:24.755428500
========================================================================
Account No   | Holder Name          | Account Type |      Balance
------------------------------------------------------------------------
1002         | Akshay               | Current      | ₹    9500.00
========================================================================

========================================================================
ACCOUNT SNAPSHOT - TIMESTAMP: 2026-08-17T13:46:54.770522
========================================================================
Account No   | Holder Name          | Account Type |      Balance
------------------------------------------------------------------------
1002         | Akshay               | Current      | ₹    9500.00
========================================================================

========================================================================
ACCOUNT SNAPSHOT - TIMESTAMP: 2026-08-17T13:47:24.780835600
========================================================================
Account No   | Holder Name          | Account Type |      Balance
------------------------------------------------------------------------
1002         | Akshay               | Current      | ₹    9500.00
========================================================================

========================================================================
ACCOUNT SNAPSHOT - TIMESTAMP: 2026-08-17T13:47:54.793074600
========================================================================
Account No   | Holder Name          | Account Type |      Balance
------------------------------------------------------------------------
1002         | Akshay               | Current      | ₹    9500.00
========================================================================

========================================================================
ACCOUNT SNAPSHOT - TIMESTAMP: 2026-08-17T13:48:24.811598
========================================================================
Account No   | Holder Name          | Account Type |      Balance
------------------------------------------------------------------------
1002         | Akshay               | Current      | ₹    9500.00
========================================================================

========================================================================
ACCOUNT SNAPSHOT - TIMESTAMP: 2026-08-17T13:48:54.826010500
========================================================================
Account No   | Holder Name          | Account Type |      Balance
------------------------------------------------------------------------
1002         | Akshay               | Current      | ₹    9500.00
========================================================================

========================================================================
ACCOUNT SNAPSHOT - TIMESTAMP: 2026-08-17T13:49:24.838004200
========================================================================
Account No   | Holder Name          | Account Type |      Balance
------------------------------------------------------------------------
1002         | Akshay               | Current      | ₹    9500.00
========================================================================

========================================================================
ACCOUNT SNAPSHOT - TIMESTAMP: 2026-08-17T13:49:54.848040500
========================================================================
Account No   | Holder Name          | Account Type |      Balance
------------------------------------------------------------------------
1002         | Akshay               | Current      | ₹    9500.00
========================================================================

========================================================================
ACCOUNT SNAPSHOT - TIMESTAMP: 2026-08-17T13:50:24.856583600
========================================================================
Account No   | Holder Name          | Account Type |      Balance
------------------------------------------------------------------------
1002         | Akshay               | Current      | ₹    9500.00
========================================================================

========================================================================
ACCOUNT SNAPSHOT - TIMESTAMP: 2026-08-17T13:50:54.860981500
========================================================================
Account No   | Holder Name          | Account Type |      Balance
------------------------------------------------------------------------
1002         | Akshay               | Current      | ₹    9500.00
========================================================================

========================================================================
ACCOUNT SNAPSHOT - TIMESTAMP: 2026-08-17T13:51:24.879871600
========================================================================
Account No   | Holder Name          | Account Type |      Balance
------------------------------------------------------------------------
1002         | Akshay               | Current      | ₹    9500.00
========================================================================

========================================================================
ACCOUNT SNAPSHOT - TIMESTAMP: 2026-08-17T13:51:54.890735300
========================================================================
Account No   | Holder Name          | Account Type |      Balance
------------------------------------------------------------------------
1002         | Akshay               | Current      | ₹    9500.00
========================================================================

========================================================================
ACCOUNT SNAPSHOT - TIMESTAMP: 2026-08-17T13:52:24.904049800
========================================================================
Account No   | Holder Name          | Account Type |      Balance
------------------------------------------------------------------------
1002         | Akshay               | Current      | ₹    9500.00
========================================================================

========================================================================
ACCOUNT SNAPSHOT - TIMESTAMP: 2026-08-17T13:52:54.918606700
========================================================================
Account No   | Holder Name          | Account Type |      Balance
------------------------------------------------------------------------
1002         | Akshay               | Current      | ₹    9500.00
========================================================================

========================================================================
ACCOUNT SNAPSHOT - TIMESTAMP: 2026-08-17T13:53:24.937040300
========================================================================
Account No   | Holder Name          | Account Type |      Balance
------------------------------------------------------------------------
1002         | Akshay               | Current      | ₹    9500.00
========================================================================

========================================================================
ACCOUNT SNAPSHOT - TIMESTAMP: 2026-08-17T13:53:54.951437100
========================================================================
Account No   | Holder Name          | Account Type |      Balance
------------------------------------------------------------------------
1002         | Akshay               | Current      | ₹    9500.00
========================================================================

========================================================================
ACCOUNT SNAPSHOT - TIMESTAMP: 2026-08-17T13:54:24.972858300
========================================================================
Account No   | Holder Name          | Account Type |      Balance
------------------------------------------------------------------------
1002         | Akshay               | Current      | ₹    9500.00
========================================================================

========================================================================
ACCOUNT SNAPSHOT - TIMESTAMP: 2026-08-17T13:54:54.983967900
========================================================================
Account No   | Holder Name          | Account Type |      Balance
------------------------------------------------------------------------
1002         | Akshay               | Current      | ₹    9500.00
========================================================================

========================================================================
ACCOUNT SNAPSHOT - TIMESTAMP: 2026-08-17T13:55:24.991170200
========================================================================
Account No   | Holder Name          | Account Type |      Balance
------------------------------------------------------------------------
1002         | Akshay               | Current      | ₹    9500.00
========================================================================

========================================================================
ACCOUNT SNAPSHOT - TIMESTAMP: 2026-08-17T13:55:54.997817200
========================================================================
Account No   | Holder Name          | Account Type |      Balance
------------------------------------------------------------------------
1002         | Akshay               | Current      | ₹    9500.00
========================================================================

========================================================================
ACCOUNT SNAPSHOT - TIMESTAMP: 2026-08-17T13:56:25.010779800
========================================================================
Account No   | Holder Name          | Account Type |      Balance
------------------------------------------------------------------------
1002         | Akshay               | Current      | ₹    9500.00
========================================================================

========================================================================
ACCOUNT SNAPSHOT - TIMESTAMP: 2026-08-17T13:56:55.022917700
========================================================================
Account No   | Holder Name          | Account Type |      Balance
------------------------------------------------------------------------
1002         | Akshay               | Current      | ₹    9500.00
========================================================================

========================================================================
ACCOUNT SNAPSHOT - TIMESTAMP: 2026-08-17T13:57:25.037609200
========================================================================
Account No   | Holder Name          | Account Type |      Balance
------------------------------------------------------------------------
1002         | Akshay               | Current      | ₹    9500.00
========================================================================

========================================================================
ACCOUNT SNAPSHOT - TIMESTAMP: 2026-08-17T13:57:55.044797700
========================================================================
Account No   | Holder Name          | Account Type |      Balance
------------------------------------------------------------------------
1002         | Akshay               | Current      | ₹    9500.00
========================================================================

========================================================================
ACCOUNT SNAPSHOT - TIMESTAMP: 2026-08-17T13:58:25.080443900
========================================================================
Account No   | Holder Name          | Account Type |      Balance
------------------------------------------------------------------------
1002         | Akshay               | Current      | ₹    9500.00
========================================================================

========================================================================
ACCOUNT SNAPSHOT - TIMESTAMP: 2026-08-17T13:58:55.088978700
========================================================================
Account No   | Holder Name          | Account Type |      Balance
------------------------------------------------------------------------
1002         | Akshay               | Current      | ₹    9500.00
========================================================================

========================================================================
ACCOUNT SNAPSHOT - TIMESTAMP: 2026-08-17T13:59:25.101089300
========================================================================
Account No   | Holder Name          | Account Type |      Balance
------------------------------------------------------------------------
1002         | Akshay               | Current      | ₹    9500.00
========================================================================

========================================================================
ACCOUNT SNAPSHOT - TIMESTAMP: 2026-08-17T13:59:55.118294100
========================================================================
Account No   | Holder Name          | Account Type |      Balance
------------------------------------------------------------------------
1002         | Akshay               | Current      | ₹    9500.00
========================================================================

========================================================================
ACCOUNT SNAPSHOT - TIMESTAMP: 2026-08-17T14:00:25.124912800
========================================================================
Account No   | Holder Name          | Account Type |      Balance
------------------------------------------------------------------------
1002         | Akshay               | Current      | ₹    9500.00
========================================================================

========================================================================
ACCOUNT SNAPSHOT - TIMESTAMP: 2026-08-17T14:00:55.130174400
========================================================================
Account No   | Holder Name          | Account Type |      Balance
------------------------------------------------------------------------
1002         | Akshay               | Current      | ₹    9500.00
========================================================================

========================================================================
ACCOUNT SNAPSHOT - TIMESTAMP: 2026-08-17T14:01:25.142123600
========================================================================
Account No   | Holder Name          | Account Type |      Balance
------------------------------------------------------------------------
1002         | Akshay               | Current      | ₹    9500.00
========================================================================

========================================================================
ACCOUNT SNAPSHOT - TIMESTAMP: 2026-08-17T14:01:55.150463900
========================================================================
Account No   | Holder Name          | Account Type |      Balance
------------------------------------------------------------------------
1002         | Akshay               | Current      | ₹    9500.00
========================================================================

========================================================================
ACCOUNT SNAPSHOT - TIMESTAMP: 2026-08-17T14:02:25.162439900
========================================================================
Account No   | Holder Name          | Account Type |      Balance
------------------------------------------------------------------------
1002         | Akshay               | Current      | ₹    9500.00
========================================================================

========================================================================
ACCOUNT SNAPSHOT - TIMESTAMP: 2026-08-17T14:02:55.170038800
========================================================================
Account No   | Holder Name          | Account Type |      Balance
------------------------------------------------------------------------
1002         | Akshay               | Current      | ₹    9500.00
========================================================================

========================================================================
ACCOUNT SNAPSHOT - TIMESTAMP: 2026-08-17T14:03:25.186482600
========================================================================
Account No   | Holder Name          | Account Type |      Balance
------------------------------------------------------------------------
1002         | Akshay               | Current      | ₹    9500.00
========================================================================

========================================================================
ACCOUNT SNAPSHOT - TIMESTAMP: 2026-08-17T14:03:55.216523300
========================================================================
Account No   | Holder Name          | Account Type |      Balance
------------------------------------------------------------------------
1002         | Akshay               | Current      | ₹    9500.00
========================================================================

========================================================================
ACCOUNT SNAPSHOT - TIMESTAMP: 2026-08-17T14:04:25.220713
========================================================================
Account No   | Holder Name          | Account Type |      Balance
------------------------------------------------------------------------
1002         | Akshay               | Current      | ₹    9500.00
========================================================================

========================================================================
ACCOUNT SNAPSHOT - TIMESTAMP: 2026-08-17T14:04:55.228837200
========================================================================
Account No   | Holder Name          | Account Type |      Balance
------------------------------------------------------------------------
1002         | Akshay               | Current      | ₹    9500.00
========================================================================

========================================================================
ACCOUNT SNAPSHOT - TIMESTAMP: 2026-08-17T14:05:25.235363100
========================================================================
Account No   | Holder Name          | Account Type |      Balance
------------------------------------------------------------------------
1002         | Akshay               | Current      | ₹    9500.00
========================================================================

========================================================================
ACCOUNT SNAPSHOT - TIMESTAMP: 2026-08-17T14:05:55.241305500
========================================================================
Account No   | Holder Name          | Account Type |      Balance
------------------------------------------------------------------------
1002         | Akshay               | Current      | ₹    9500.00
========================================================================

========================================================================
ACCOUNT SNAPSHOT - TIMESTAMP: 2026-08-17T14:06:25.247087300
========================================================================
Account No   | Holder Name          | Account Type |      Balance
------------------------------------------------------------------------
1002         | Akshay               | Current      | ₹    9500.00
========================================================================

========================================================================
ACCOUNT SNAPSHOT - TIMESTAMP: 2026-08-17T14:06:55.256239
========================================================================
Account No   | Holder Name          | Account Type |      Balance
------------------------------------------------------------------------
1002         | Akshay               | Current      | ₹    9500.00
========================================================================

========================================================================
ACCOUNT SNAPSHOT - TIMESTAMP: 2026-08-17T17:07:24.653845800
========================================================================
Account No   | Holder Name          | Account Type |      Balance
------------------------------------------------------------------------
1002         | Akshay               | Current      | ₹    9500.00
========================================================================

========================================================================
ACCOUNT SNAPSHOT - TIMESTAMP: 2026-08-17T18:06:19.138703500
========================================================================
Account No   | Holder Name          | Account Type |      Balance
------------------------------------------------------------------------
1002         | Akshay               | Current      | ₹    9500.00
========================================================================

========================================================================
ACCOUNT SNAPSHOT - TIMESTAMP: 2026-08-17T18:06:49.150450400
========================================================================
Account No   | Holder Name          | Account Type |      Balance
------------------------------------------------------------------------
1002         | Akshay               | Current      | ₹    9500.00
========================================================================

========================================================================
ACCOUNT SNAPSHOT - TIMESTAMP: 2026-08-17T18:07:19.167050200
========================================================================
Account No   | Holder Name          | Account Type |      Balance
------------------------------------------------------------------------
1002         | Akshay               | Current      | ₹    9500.00
========================================================================

========================================================================
ACCOUNT SNAPSHOT - TIMESTAMP: 2026-08-17T18:07:49.171370500
========================================================================
Account No   | Holder Name          | Account Type |      Balance
------------------------------------------------------------------------
1002         | Akshay               | Current      | ₹    9500.00
========================================================================

========================================================================
ACCOUNT SNAPSHOT - TIMESTAMP: 2026-08-17T18:08:19.188514200
========================================================================
Account No   | Holder Name          | Account Type |      Balance
------------------------------------------------------------------------
1002         | Akshay               | Current      | ₹    9500.00
========================================================================

========================================================================
ACCOUNT SNAPSHOT - TIMESTAMP: 2026-08-17T18:08:49.200133100
========================================================================
Account No   | Holder Name          | Account Type |      Balance
------------------------------------------------------------------------
1002         | Akshay               | Current      | ₹    9500.00
========================================================================

========================================================================
ACCOUNT SNAPSHOT - TIMESTAMP: 2026-08-17T18:09:19.215434800
========================================================================
Account No   | Holder Name          | Account Type |      Balance
------------------------------------------------------------------------
1002         | Akshay               | Current      | ₹    9500.00
========================================================================

========================================================================
ACCOUNT SNAPSHOT - TIMESTAMP: 2026-08-17T18:09:49.229669300
========================================================================
Account No   | Holder Name          | Account Type |      Balance
------------------------------------------------------------------------
1002         | Akshay               | Current      | ₹    9500.00
========================================================================

========================================================================
ACCOUNT SNAPSHOT - TIMESTAMP: 2026-08-17T18:10:19.231545100
========================================================================
Account No   | Holder Name          | Account Type |      Balance
------------------------------------------------------------------------
1002         | Akshay               | Current      | ₹    9500.00
========================================================================

========================================================================
ACCOUNT SNAPSHOT - TIMESTAMP: 2026-08-17T18:10:49.238611600
========================================================================
Account No   | Holder Name          | Account Type |      Balance
------------------------------------------------------------------------
1002         | Akshay               | Current      | ₹    9500.00
========================================================================

========================================================================
ACCOUNT SNAPSHOT - TIMESTAMP: 2026-08-17T18:11:19.241965400
========================================================================
Account No   | Holder Name          | Account Type |      Balance
------------------------------------------------------------------------
1002         | Akshay               | Current      | ₹    9500.00
========================================================================

========================================================================
ACCOUNT SNAPSHOT - TIMESTAMP: 2026-08-17T18:11:49.243708
========================================================================
Account No   | Holder Name          | Account Type |      Balance
------------------------------------------------------------------------
1002         | Akshay               | Current      | ₹    9500.00
========================================================================

========================================================================
ACCOUNT SNAPSHOT - TIMESTAMP: 2026-08-17T18:12:19.247653600
========================================================================
Account No   | Holder Name          | Account Type |      Balance
------------------------------------------------------------------------
1002         | Akshay               | Current      | ₹    9500.00
========================================================================

========================================================================
ACCOUNT SNAPSHOT - TIMESTAMP: 2026-08-17T18:12:49.249676900
========================================================================
Account No   | Holder Name          | Account Type |      Balance
------------------------------------------------------------------------
1002         | Akshay               | Current      | ₹    9500.00
========================================================================

========================================================================
ACCOUNT SNAPSHOT - TIMESTAMP: 2026-08-17T18:13:19.253109200
========================================================================
Account No   | Holder Name          | Account Type |      Balance
------------------------------------------------------------------------
1002         | Akshay               | Current      | ₹    9500.00
========================================================================

========================================================================
ACCOUNT SNAPSHOT - TIMESTAMP: 2026-08-17T18:13:49.255893700
========================================================================
Account No   | Holder Name          | Account Type |      Balance
------------------------------------------------------------------------
1002         | Akshay               | Current      | ₹    9500.00
========================================================================

========================================================================
ACCOUNT SNAPSHOT - TIMESTAMP: 2026-08-17T18:14:19.257464300
========================================================================
Account No   | Holder Name          | Account Type |      Balance
------------------------------------------------------------------------
1002         | Akshay               | Current      | ₹    9500.00
========================================================================

========================================================================
ACCOUNT SNAPSHOT - TIMESTAMP: 2026-08-17T18:14:49.259573
========================================================================
Account No   | Holder Name          | Account Type |      Balance
------------------------------------------------------------------------
1002         | Akshay               | Current      | ₹    9500.00
========================================================================

========================================================================
ACCOUNT SNAPSHOT - TIMESTAMP: 2026-08-17T18:15:19.262971700
========================================================================
Account No   | Holder Name          | Account Type |      Balance
------------------------------------------------------------------------
1002         | Akshay               | Current      | ₹    9500.00
========================================================================

========================================================================
ACCOUNT SNAPSHOT - TIMESTAMP: 2026-08-17T18:15:49.265127800
========================================================================
Account No   | Holder Name          | Account Type |      Balance
------------------------------------------------------------------------
1002         | Akshay               | Current      | ₹    9500.00
========================================================================

========================================================================
ACCOUNT SNAPSHOT - TIMESTAMP: 2026-08-17T18:16:19.266899700
========================================================================
Account No   | Holder Name          | Account Type |      Balance
------------------------------------------------------------------------
1002         | Akshay               | Current      | ₹    9500.00
========================================================================

========================================================================
ACCOUNT SNAPSHOT - TIMESTAMP: 2026-08-17T18:16:49.268173800
========================================================================
Account No   | Holder Name          | Account Type |      Balance
------------------------------------------------------------------------
1002         | Akshay               | Current      | ₹    9500.00
========================================================================

========================================================================
ACCOUNT SNAPSHOT - TIMESTAMP: 2026-08-17T18:17:19.269782700
========================================================================
Account No   | Holder Name          | Account Type |      Balance
------------------------------------------------------------------------
1002         | Akshay               | Current      | ₹    9500.00
========================================================================

========================================================================
ACCOUNT SNAPSHOT - TIMESTAMP: 2026-08-17T18:17:49.272004100
========================================================================
Account No   | Holder Name          | Account Type |      Balance
------------------------------------------------------------------------
1002         | Akshay               | Current      | ₹    9500.00
========================================================================

========================================================================
ACCOUNT SNAPSHOT - TIMESTAMP: 2026-08-17T18:18:19.274563400
========================================================================
Account No   | Holder Name          | Account Type |      Balance
------------------------------------------------------------------------
1002         | Akshay               | Current      | ₹    9500.00
========================================================================

========================================================================
ACCOUNT SNAPSHOT - TIMESTAMP: 2026-08-17T18:18:49.277543500
========================================================================
Account No   | Holder Name          | Account Type |      Balance
------------------------------------------------------------------------
1002         | Akshay               | Current      | ₹    9500.00
========================================================================

========================================================================
ACCOUNT SNAPSHOT - TIMESTAMP: 2026-08-17T18:19:19.280639500
========================================================================
Account No   | Holder Name          | Account Type |      Balance
------------------------------------------------------------------------
1002         | Akshay               | Current      | ₹    9500.00
========================================================================

========================================================================
ACCOUNT SNAPSHOT - TIMESTAMP: 2026-08-17T18:19:49.282977900
========================================================================
Account No   | Holder Name          | Account Type |      Balance
------------------------------------------------------------------------
1002         | Akshay               | Current      | ₹    9500.00
========================================================================

========================================================================
ACCOUNT SNAPSHOT - TIMESTAMP: 2026-08-17T18:20:19.284414700
========================================================================
Account No   | Holder Name          | Account Type |      Balance
------------------------------------------------------------------------
1002         | Akshay               | Current      | ₹    9500.00
========================================================================

========================================================================
ACCOUNT SNAPSHOT - TIMESTAMP: 2026-08-17T18:20:49.287323800
========================================================================
Account No   | Holder Name          | Account Type |      Balance
------------------------------------------------------------------------
1002         | Akshay               | Current      | ₹    9500.00
========================================================================

========================================================================
ACCOUNT SNAPSHOT - TIMESTAMP: 2026-08-17T18:21:19.289316900
========================================================================
Account No   | Holder Name          | Account Type |      Balance
------------------------------------------------------------------------
1002         | Akshay               | Current      | ₹    9500.00
========================================================================

========================================================================
ACCOUNT SNAPSHOT - TIMESTAMP: 2026-08-17T18:21:49.292298500
========================================================================
Account No   | Holder Name          | Account Type |      Balance
------------------------------------------------------------------------
1002         | Akshay               | Current      | ₹    9500.00
========================================================================

========================================================================
ACCOUNT SNAPSHOT - TIMESTAMP: 2026-08-17T18:22:19.295684900
========================================================================
Account No   | Holder Name          | Account Type |      Balance
------------------------------------------------------------------------
1002         | Akshay               | Current      | ₹    9500.00
========================================================================

========================================================================
ACCOUNT SNAPSHOT - TIMESTAMP: 2026-08-17T18:22:49.299905700
========================================================================
Account No   | Holder Name          | Account Type |      Balance
------------------------------------------------------------------------
1002         | Akshay               | Current      | ₹    9500.00
========================================================================

========================================================================
ACCOUNT SNAPSHOT - TIMESTAMP: 2026-08-17T18:23:19.304338900
========================================================================
Account No   | Holder Name          | Account Type |      Balance
------------------------------------------------------------------------
1002         | Akshay               | Current      | ₹    9500.00
========================================================================

========================================================================
ACCOUNT SNAPSHOT - TIMESTAMP: 2026-08-17T18:23:49.308157600
========================================================================
Account No   | Holder Name          | Account Type |      Balance
------------------------------------------------------------------------
1002         | Akshay               | Current      | ₹    9500.00
========================================================================

========================================================================
ACCOUNT SNAPSHOT - TIMESTAMP: 2026-08-17T18:24:19.312135600
========================================================================
Account No   | Holder Name          | Account Type |      Balance
------------------------------------------------------------------------
1002         | Akshay               | Current      | ₹    9500.00
========================================================================

========================================================================
ACCOUNT SNAPSHOT - TIMESTAMP: 2026-08-17T18:24:49.313498800
========================================================================
Account No   | Holder Name          | Account Type |      Balance
------------------------------------------------------------------------
1002         | Akshay               | Current      | ₹    9500.00
========================================================================

========================================================================
ACCOUNT SNAPSHOT - TIMESTAMP: 2026-08-17T18:25:19.316799600
========================================================================
Account No   | Holder Name          | Account Type |      Balance
------------------------------------------------------------------------
1002         | Akshay               | Current      | ₹    9500.00
========================================================================

========================================================================
ACCOUNT SNAPSHOT - TIMESTAMP: 2026-08-17T18:25:49.319829
========================================================================
Account No   | Holder Name          | Account Type |      Balance
------------------------------------------------------------------------
1002         | Akshay               | Current      | ₹    9500.00
========================================================================

========================================================================
ACCOUNT SNAPSHOT - TIMESTAMP: 2026-08-17T18:26:19.321701200
========================================================================
Account No   | Holder Name          | Account Type |      Balance
------------------------------------------------------------------------
1002         | Akshay               | Current      | ₹    9500.00
========================================================================

========================================================================
ACCOUNT SNAPSHOT - TIMESTAMP: 2026-08-17T18:26:49.324284900
========================================================================
Account No   | Holder Name          | Account Type |      Balance
------------------------------------------------------------------------
1002         | Akshay               | Current      | ₹    9500.00
========================================================================

========================================================================
ACCOUNT SNAPSHOT - TIMESTAMP: 2026-08-17T18:27:19.326995700
========================================================================
Account No   | Holder Name          | Account Type |      Balance
------------------------------------------------------------------------
1002         | Akshay               | Current      | ₹    9500.00
========================================================================

========================================================================
ACCOUNT SNAPSHOT - TIMESTAMP: 2026-08-17T18:27:49.330142800
========================================================================
Account No   | Holder Name          | Account Type |      Balance
------------------------------------------------------------------------
1002         | Akshay               | Current      | ₹    9500.00
========================================================================

========================================================================
ACCOUNT SNAPSHOT - TIMESTAMP: 2026-08-17T18:28:19.333181
========================================================================
Account No   | Holder Name          | Account Type |      Balance
------------------------------------------------------------------------
1002         | Akshay               | Current      | ₹    9500.00
========================================================================

========================================================================
ACCOUNT SNAPSHOT - TIMESTAMP: 2026-08-17T18:28:49.335929600
========================================================================
Account No   | Holder Name          | Account Type |      Balance
------------------------------------------------------------------------
1002         | Akshay               | Current      | ₹    9500.00
========================================================================

========================================================================
ACCOUNT SNAPSHOT - TIMESTAMP: 2026-08-17T18:29:19.339130200
========================================================================
Account No   | Holder Name          | Account Type |      Balance
------------------------------------------------------------------------
1002         | Akshay               | Current      | ₹    9500.00
========================================================================

========================================================================
ACCOUNT SNAPSHOT - TIMESTAMP: 2026-08-17T18:29:49.341363900
========================================================================
Account No   | Holder Name          | Account Type |      Balance
------------------------------------------------------------------------
1002         | Akshay               | Current      | ₹    9500.00
========================================================================

========================================================================
ACCOUNT SNAPSHOT - TIMESTAMP: 2026-08-17T18:30:19.342723500
========================================================================
Account No   | Holder Name          | Account Type |      Balance
------------------------------------------------------------------------
1002         | Akshay               | Current      | ₹    9500.00
========================================================================

========================================================================
ACCOUNT SNAPSHOT - TIMESTAMP: 2026-08-17T18:30:49.344884
========================================================================
Account No   | Holder Name          | Account Type |      Balance
------------------------------------------------------------------------
1002         | Akshay               | Current      | ₹    9500.00
========================================================================

========================================================================
ACCOUNT SNAPSHOT - TIMESTAMP: 2026-08-17T18:31:19.347167800
========================================================================
Account No   | Holder Name          | Account Type |      Balance
------------------------------------------------------------------------
1002         | Akshay               | Current      | ₹    9500.00
========================================================================

========================================================================
ACCOUNT SNAPSHOT - TIMESTAMP: 2026-08-17T18:31:49.349002700
========================================================================
Account No   | Holder Name          | Account Type |      Balance
------------------------------------------------------------------------
1002         | Akshay               | Current      | ₹    9500.00
========================================================================

========================================================================
ACCOUNT SNAPSHOT - TIMESTAMP: 2026-08-17T18:32:19.352083100
========================================================================
Account No   | Holder Name          | Account Type |      Balance
------------------------------------------------------------------------
1002         | Akshay               | Current      | ₹    9500.00
========================================================================

========================================================================
ACCOUNT SNAPSHOT - TIMESTAMP: 2026-08-17T18:32:49.354109600
========================================================================
Account No   | Holder Name          | Account Type |      Balance
------------------------------------------------------------------------
1002         | Akshay               | Current      | ₹    9500.00
========================================================================

========================================================================
ACCOUNT SNAPSHOT - TIMESTAMP: 2026-08-17T18:33:19.357395300
========================================================================
Account No   | Holder Name          | Account Type |      Balance
------------------------------------------------------------------------
1002         | Akshay               | Current      | ₹    9500.00
========================================================================

========================================================================
ACCOUNT SNAPSHOT - TIMESTAMP: 2026-08-17T18:33:49.359832800
========================================================================
Account No   | Holder Name          | Account Type |      Balance
------------------------------------------------------------------------
1002         | Akshay               | Current      | ₹    9500.00
========================================================================

========================================================================
ACCOUNT SNAPSHOT - TIMESTAMP: 2026-08-17T18:34:19.361065100
========================================================================
Account No   | Holder Name          | Account Type |      Balance
------------------------------------------------------------------------
1002         | Akshay               | Current      | ₹    9500.00
========================================================================

========================================================================
ACCOUNT SNAPSHOT - TIMESTAMP: 2026-08-17T18:34:49.364029700
========================================================================
Account No   | Holder Name          | Account Type |      Balance
------------------------------------------------------------------------
1002         | Akshay               | Current      | ₹    9500.00
========================================================================

========================================================================
ACCOUNT SNAPSHOT - TIMESTAMP: 2026-08-17T18:35:19.366763800
========================================================================
Account No   | Holder Name          | Account Type |      Balance
------------------------------------------------------------------------
1002         | Akshay               | Current      | ₹    9500.00
========================================================================

========================================================================
ACCOUNT SNAPSHOT - TIMESTAMP: 2026-08-17T18:35:49.367885600
========================================================================
Account No   | Holder Name          | Account Type |      Balance
------------------------------------------------------------------------
1002         | Akshay               | Current      | ₹    9500.00
========================================================================

========================================================================
ACCOUNT SNAPSHOT - TIMESTAMP: 2026-08-17T18:36:19.368913300
========================================================================
Account No   | Holder Name          | Account Type |      Balance
------------------------------------------------------------------------
1002         | Akshay               | Current      | ₹    9500.00
========================================================================

========================================================================
ACCOUNT SNAPSHOT - TIMESTAMP: 2026-08-17T18:36:49.370805300
========================================================================
Account No   | Holder Name          | Account Type |      Balance
------------------------------------------------------------------------
1002         | Akshay               | Current      | ₹    9500.00
========================================================================

========================================================================
ACCOUNT SNAPSHOT - TIMESTAMP: 2026-08-17T18:37:19.373069300
========================================================================
Account No   | Holder Name          | Account Type |      Balance
------------------------------------------------------------------------
1002         | Akshay               | Current      | ₹    9500.00
========================================================================

========================================================================
ACCOUNT SNAPSHOT - TIMESTAMP: 2026-08-17T18:37:49.373763700
========================================================================
Account No   | Holder Name          | Account Type |      Balance
------------------------------------------------------------------------
1002         | Akshay               | Current      | ₹    9500.00
========================================================================

========================================================================
ACCOUNT SNAPSHOT - TIMESTAMP: 2026-08-17T18:38:19.375605300
========================================================================
Account No   | Holder Name          | Account Type |      Balance
------------------------------------------------------------------------
1002         | Akshay               | Current      | ₹    9500.00
========================================================================

========================================================================
ACCOUNT SNAPSHOT - TIMESTAMP: 2026-08-17T18:38:49.376248200
========================================================================
Account No   | Holder Name          | Account Type |      Balance
------------------------------------------------------------------------
1002         | Akshay               | Current      | ₹    9500.00
========================================================================

========================================================================
ACCOUNT SNAPSHOT - TIMESTAMP: 2026-08-17T18:39:19.378832600
========================================================================
Account No   | Holder Name          | Account Type |      Balance
------------------------------------------------------------------------
1002         | Akshay               | Current      | ₹    9500.00
========================================================================

========================================================================
ACCOUNT SNAPSHOT - TIMESTAMP: 2026-08-17T18:39:49.380100200
========================================================================
Account No   | Holder Name          | Account Type |      Balance
------------------------------------------------------------------------
1002         | Akshay               | Current      | ₹    9500.00
========================================================================

========================================================================
ACCOUNT SNAPSHOT - TIMESTAMP: 2026-08-17T18:40:19.382108800
========================================================================
Account No   | Holder Name          | Account Type |      Balance
------------------------------------------------------------------------
1002         | Akshay               | Current      | ₹    9500.00
========================================================================

========================================================================
ACCOUNT SNAPSHOT - TIMESTAMP: 2026-08-17T18:40:49.383362200
========================================================================
Account No   | Holder Name          | Account Type |      Balance
------------------------------------------------------------------------
1002         | Akshay               | Current      | ₹    9500.00
========================================================================

========================================================================
ACCOUNT SNAPSHOT - TIMESTAMP: 2026-08-17T18:41:19.384084200
========================================================================
Account No   | Holder Name          | Account Type |      Balance
------------------------------------------------------------------------
1002         | Akshay               | Current      | ₹    9500.00
========================================================================

========================================================================
ACCOUNT SNAPSHOT - TIMESTAMP: 2026-08-17T18:41:49.385055300
========================================================================
Account No   | Holder Name          | Account Type |      Balance
------------------------------------------------------------------------
1002         | Akshay               | Current      | ₹    9500.00
========================================================================

========================================================================
ACCOUNT SNAPSHOT - TIMESTAMP: 2026-08-17T18:42:19.388532900
========================================================================
Account No   | Holder Name          | Account Type |      Balance
------------------------------------------------------------------------
1002         | Akshay               | Current      | ₹    9500.00
========================================================================

========================================================================
ACCOUNT SNAPSHOT - TIMESTAMP: 2026-08-17T18:42:49.390966200
========================================================================
Account No   | Holder Name          | Account Type |      Balance
------------------------------------------------------------------------
1002         | Akshay               | Current      | ₹    9500.00
========================================================================

========================================================================
ACCOUNT SNAPSHOT - TIMESTAMP: 2026-08-17T18:43:19.393413500
========================================================================
Account No   | Holder Name          | Account Type |      Balance
------------------------------------------------------------------------
1002         | Akshay               | Current      | ₹    9500.00
========================================================================

========================================================================
ACCOUNT SNAPSHOT - TIMESTAMP: 2026-08-17T18:43:49.395653
========================================================================
Account No   | Holder Name          | Account Type |      Balance
------------------------------------------------------------------------
1002         | Akshay               | Current      | ₹    9500.00
========================================================================

========================================================================
ACCOUNT SNAPSHOT - TIMESTAMP: 2026-08-17T18:44:19.396717
========================================================================
Account No   | Holder Name          | Account Type |      Balance
------------------------------------------------------------------------
1002         | Akshay               | Current      | ₹    9500.00
========================================================================

========================================================================
ACCOUNT SNAPSHOT - TIMESTAMP: 2026-08-17T18:44:49.398698200
========================================================================
Account No   | Holder Name          | Account Type |      Balance
------------------------------------------------------------------------
1002         | Akshay               | Current      | ₹    9500.00
========================================================================

========================================================================
ACCOUNT SNAPSHOT - TIMESTAMP: 2026-08-17T18:45:19.400609900
========================================================================
Account No   | Holder Name          | Account Type |      Balance
------------------------------------------------------------------------
1002         | Akshay               | Current      | ₹    9500.00
========================================================================

========================================================================
ACCOUNT SNAPSHOT - TIMESTAMP: 2026-08-17T18:45:49.403902300
========================================================================
Account No   | Holder Name          | Account Type |      Balance
------------------------------------------------------------------------
1002         | Akshay               | Current      | ₹    9500.00
========================================================================

========================================================================
ACCOUNT SNAPSHOT - TIMESTAMP: 2026-08-17T18:46:19.406611800
========================================================================
Account No   | Holder Name          | Account Type |      Balance
------------------------------------------------------------------------
1002         | Akshay               | Current      | ₹    9500.00
========================================================================

========================================================================
ACCOUNT SNAPSHOT - TIMESTAMP: 2026-08-17T18:46:49.407799600
========================================================================
Account No   | Holder Name          | Account Type |      Balance
------------------------------------------------------------------------
1002         | Akshay               | Current      | ₹    9500.00
========================================================================

========================================================================
ACCOUNT SNAPSHOT - TIMESTAMP: 2026-08-17T18:47:19.410127600
========================================================================
Account No   | Holder Name          | Account Type |      Balance
------------------------------------------------------------------------
1002         | Akshay               | Current      | ₹    9500.00
========================================================================

========================================================================
ACCOUNT SNAPSHOT - TIMESTAMP: 2026-08-17T18:47:49.411655600
========================================================================
Account No   | Holder Name          | Account Type |      Balance
------------------------------------------------------------------------
1002         | Akshay               | Current      | ₹    9500.00
========================================================================

========================================================================
ACCOUNT SNAPSHOT - TIMESTAMP: 2026-08-17T18:48:19.413273200
========================================================================
Account No   | Holder Name          | Account Type |      Balance
------------------------------------------------------------------------
1002         | Akshay               | Current      | ₹    9500.00
========================================================================

========================================================================
ACCOUNT SNAPSHOT - TIMESTAMP: 2026-08-17T18:48:49.416298900
========================================================================
Account No   | Holder Name          | Account Type |      Balance
------------------------------------------------------------------------
1002         | Akshay               | Current      | ₹    9500.00
========================================================================

========================================================================
ACCOUNT SNAPSHOT - TIMESTAMP: 2026-08-17T18:49:19.418774300
========================================================================
Account No   | Holder Name          | Account Type |      Balance
------------------------------------------------------------------------
1002         | Akshay               | Current      | ₹    9500.00
========================================================================

========================================================================
ACCOUNT SNAPSHOT - TIMESTAMP: 2026-08-17T18:49:49.422037700
========================================================================
Account No   | Holder Name          | Account Type |      Balance
------------------------------------------------------------------------
1002         | Akshay               | Current      | ₹    9500.00
========================================================================

========================================================================
ACCOUNT SNAPSHOT - TIMESTAMP: 2026-08-17T18:50:19.424672400
========================================================================
Account No   | Holder Name          | Account Type |      Balance
------------------------------------------------------------------------
1002         | Akshay               | Current      | ₹    9500.00
========================================================================

========================================================================
ACCOUNT SNAPSHOT - TIMESTAMP: 2026-08-17T18:50:49.427242700
========================================================================
Account No   | Holder Name          | Account Type |      Balance
------------------------------------------------------------------------
1002         | Akshay               | Current      | ₹    9500.00
========================================================================

========================================================================
ACCOUNT SNAPSHOT - TIMESTAMP: 2026-08-17T18:51:19.428640600
========================================================================
Account No   | Holder Name          | Account Type |      Balance
------------------------------------------------------------------------
1002         | Akshay               | Current      | ₹    9500.00
========================================================================

========================================================================
ACCOUNT SNAPSHOT - TIMESTAMP: 2026-08-17T18:51:49.431059100
========================================================================
Account No   | Holder Name          | Account Type |      Balance
------------------------------------------------------------------------
1002         | Akshay               | Current      | ₹    9500.00
========================================================================

========================================================================
ACCOUNT SNAPSHOT - TIMESTAMP: 2026-08-17T18:52:19.433296700
========================================================================
Account No   | Holder Name          | Account Type |      Balance
------------------------------------------------------------------------
1002         | Akshay               | Current      | ₹    9500.00
========================================================================

========================================================================
ACCOUNT SNAPSHOT - TIMESTAMP: 2026-08-17T18:52:49.434150400
========================================================================
Account No   | Holder Name          | Account Type |      Balance
------------------------------------------------------------------------
1002         | Akshay               | Current      | ₹    9500.00
========================================================================

========================================================================
ACCOUNT SNAPSHOT - TIMESTAMP: 2026-08-17T18:53:19.435937300
========================================================================
Account No   | Holder Name          | Account Type |      Balance
------------------------------------------------------------------------
1002         | Akshay               | Current      | ₹    9500.00
========================================================================

========================================================================
ACCOUNT SNAPSHOT - TIMESTAMP: 2026-08-17T18:53:49.438042300
========================================================================
Account No   | Holder Name          | Account Type |      Balance
------------------------------------------------------------------------
1002         | Akshay               | Current      | ₹    9500.00
========================================================================

========================================================================
ACCOUNT SNAPSHOT - TIMESTAMP: 2026-08-17T18:54:19.439237900
========================================================================
Account No   | Holder Name          | Account Type |      Balance
------------------------------------------------------------------------
1002         | Akshay               | Current      | ₹    9500.00
========================================================================

========================================================================
ACCOUNT SNAPSHOT - TIMESTAMP: 2026-08-17T18:54:49.440960600
========================================================================
Account No   | Holder Name          | Account Type |      Balance
------------------------------------------------------------------------
1002         | Akshay               | Current      | ₹    9500.00
========================================================================

========================================================================
ACCOUNT SNAPSHOT - TIMESTAMP: 2026-08-17T18:55:19.443298200
========================================================================
Account No   | Holder Name          | Account Type |      Balance
------------------------------------------------------------------------
1002         | Akshay               | Current      | ₹    9500.00
========================================================================

========================================================================
ACCOUNT SNAPSHOT - TIMESTAMP: 2026-08-17T18:55:49.444341600
========================================================================
Account No   | Holder Name          | Account Type |      Balance
------------------------------------------------------------------------
1002         | Akshay               | Current      | ₹    9500.00
========================================================================

========================================================================
ACCOUNT SNAPSHOT - TIMESTAMP: 2026-08-17T18:56:19.445827
========================================================================
Account No   | Holder Name          | Account Type |      Balance
------------------------------------------------------------------------
1002         | Akshay               | Current      | ₹    9500.00
========================================================================

========================================================================
ACCOUNT SNAPSHOT - TIMESTAMP: 2026-08-17T18:56:49.447561
========================================================================
Account No   | Holder Name          | Account Type |      Balance
------------------------------------------------------------------------
1002         | Akshay               | Current      | ₹    9500.00
========================================================================

========================================================================
ACCOUNT SNAPSHOT - TIMESTAMP: 2026-08-17T18:57:19.448960100
========================================================================
Account No   | Holder Name          | Account Type |      Balance
------------------------------------------------------------------------
1002         | Akshay               | Current      | ₹    9500.00
========================================================================

========================================================================
ACCOUNT SNAPSHOT - TIMESTAMP: 2026-08-17T18:57:49.450750
========================================================================
Account No   | Holder Name          | Account Type |      Balance
------------------------------------------------------------------------
1002         | Akshay               | Current      | ₹    9500.00
========================================================================

========================================================================
ACCOUNT SNAPSHOT - TIMESTAMP: 2026-08-17T18:58:19.453345100
========================================================================
Account No   | Holder Name          | Account Type |      Balance
------------------------------------------------------------------------
1002         | Akshay               | Current      | ₹    9500.00
========================================================================

========================================================================
ACCOUNT SNAPSHOT - TIMESTAMP: 2026-08-17T18:58:49.455187900
========================================================================
Account No   | Holder Name          | Account Type |      Balance
------------------------------------------------------------------------
1002         | Akshay               | Current      | ₹    9500.00
========================================================================

========================================================================
ACCOUNT SNAPSHOT - TIMESTAMP: 2026-08-17T18:59:19.458231800
========================================================================
Account No   | Holder Name          | Account Type |      Balance
------------------------------------------------------------------------
1002         | Akshay               | Current      | ₹    9500.00
========================================================================

========================================================================
ACCOUNT SNAPSHOT - TIMESTAMP: 2026-08-17T18:59:49.460564400
========================================================================
Account No   | Holder Name          | Account Type |      Balance
------------------------------------------------------------------------
1002         | Akshay               | Current      | ₹    9500.00
========================================================================

========================================================================
ACCOUNT SNAPSHOT - TIMESTAMP: 2026-08-17T19:00:19.463985600
========================================================================
Account No   | Holder Name          | Account Type |      Balance
------------------------------------------------------------------------
1002         | Akshay               | Current      | ₹    9500.00
========================================================================

========================================================================
ACCOUNT SNAPSHOT - TIMESTAMP: 2026-08-17T19:00:49.465672100
========================================================================
Account No   | Holder Name          | Account Type |      Balance
------------------------------------------------------------------------
1002         | Akshay               | Current      | ₹    9500.00
========================================================================

========================================================================
ACCOUNT SNAPSHOT - TIMESTAMP: 2026-08-17T19:01:19.468911800
========================================================================
Account No   | Holder Name          | Account Type |      Balance
------------------------------------------------------------------------
1002         | Akshay               | Current      | ₹    9500.00
========================================================================

========================================================================
ACCOUNT SNAPSHOT - TIMESTAMP: 2026-08-17T19:01:49.470336700
========================================================================
Account No   | Holder Name          | Account Type |      Balance
------------------------------------------------------------------------
1002         | Akshay               | Current      | ₹    9500.00
========================================================================

========================================================================
ACCOUNT SNAPSHOT - TIMESTAMP: 2026-08-17T19:02:19.473325100
========================================================================
Account No   | Holder Name          | Account Type |      Balance
------------------------------------------------------------------------
1002         | Akshay               | Current      | ₹    9500.00
========================================================================

========================================================================
ACCOUNT SNAPSHOT - TIMESTAMP: 2026-08-17T19:02:49.475229300
========================================================================
Account No   | Holder Name          | Account Type |      Balance
------------------------------------------------------------------------
1002         | Akshay               | Current      | ₹    9500.00
========================================================================

========================================================================
ACCOUNT SNAPSHOT - TIMESTAMP: 2026-08-17T19:03:19.476973100
========================================================================
Account No   | Holder Name          | Account Type |      Balance
------------------------------------------------------------------------
1002         | Akshay               | Current      | ₹    9500.00
========================================================================

========================================================================
ACCOUNT SNAPSHOT - TIMESTAMP: 2026-08-17T19:03:49.477541
========================================================================
Account No   | Holder Name          | Account Type |      Balance
------------------------------------------------------------------------
1002         | Akshay               | Current      | ₹    9500.00
========================================================================

========================================================================
ACCOUNT SNAPSHOT - TIMESTAMP: 2026-08-17T19:04:19.479238700
========================================================================
Account No   | Holder Name          | Account Type |      Balance
------------------------------------------------------------------------
1002         | Akshay               | Current      | ₹    9500.00
========================================================================

========================================================================
ACCOUNT SNAPSHOT - TIMESTAMP: 2026-08-17T19:04:49.479694400
========================================================================
Account No   | Holder Name          | Account Type |      Balance
------------------------------------------------------------------------
1002         | Akshay               | Current      | ₹    9500.00
========================================================================

========================================================================
ACCOUNT SNAPSHOT - TIMESTAMP: 2026-08-17T19:05:19.480988400
========================================================================
Account No   | Holder Name          | Account Type |      Balance
------------------------------------------------------------------------
1002         | Akshay               | Current      | ₹    9500.00
========================================================================

========================================================================
ACCOUNT SNAPSHOT - TIMESTAMP: 2026-08-17T19:05:49.483137400
========================================================================
Account No   | Holder Name          | Account Type |      Balance
------------------------------------------------------------------------
1002         | Akshay               | Current      | ₹    9500.00
========================================================================

========================================================================
ACCOUNT SNAPSHOT - TIMESTAMP: 2026-08-17T19:06:19.484248
========================================================================
Account No   | Holder Name          | Account Type |      Balance
------------------------------------------------------------------------
1002         | Akshay               | Current      | ₹    9500.00
========================================================================

========================================================================
ACCOUNT SNAPSHOT - TIMESTAMP: 2026-08-17T19:06:49.486793400
========================================================================
Account No   | Holder Name          | Account Type |      Balance
------------------------------------------------------------------------
1002         | Akshay               | Current      | ₹    9500.00
========================================================================

========================================================================
ACCOUNT SNAPSHOT - TIMESTAMP: 2026-08-17T19:07:19.490884500
========================================================================
Account No   | Holder Name          | Account Type |      Balance
------------------------------------------------------------------------
1002         | Akshay               | Current      | ₹    9500.00
========================================================================

========================================================================
ACCOUNT SNAPSHOT - TIMESTAMP: 2026-08-17T19:07:49.496283200
========================================================================
Account No   | Holder Name          | Account Type |      Balance
------------------------------------------------------------------------
1002         | Akshay               | Current      | ₹    9500.00
========================================================================

========================================================================
ACCOUNT SNAPSHOT - TIMESTAMP: 2026-08-17T19:08:19.498251600
========================================================================
Account No   | Holder Name          | Account Type |      Balance
------------------------------------------------------------------------
1002         | Akshay               | Current      | ₹    9500.00
========================================================================

========================================================================
ACCOUNT SNAPSHOT - TIMESTAMP: 2026-08-17T19:08:49.502381200
========================================================================
Account No   | Holder Name          | Account Type |      Balance
------------------------------------------------------------------------
1002         | Akshay               | Current      | ₹    9500.00
========================================================================

========================================================================
ACCOUNT SNAPSHOT - TIMESTAMP: 2026-08-17T19:09:19.505333700
========================================================================
Account No   | Holder Name          | Account Type |      Balance
------------------------------------------------------------------------
1002         | Akshay               | Current      | ₹    9500.00
========================================================================

========================================================================
ACCOUNT SNAPSHOT - TIMESTAMP: 2026-08-17T19:09:49.508558200
========================================================================
Account No   | Holder Name          | Account Type |      Balance
------------------------------------------------------------------------
1002         | Akshay               | Current      | ₹    9500.00
========================================================================

========================================================================
ACCOUNT SNAPSHOT - TIMESTAMP: 2026-08-17T19:10:19.511284100
========================================================================
Account No   | Holder Name          | Account Type |      Balance
------------------------------------------------------------------------
1002         | Akshay               | Current      | ₹    9500.00
========================================================================

========================================================================
ACCOUNT SNAPSHOT - TIMESTAMP: 2026-08-17T19:10:49.513928400
========================================================================
Account No   | Holder Name          | Account Type |      Balance
------------------------------------------------------------------------
1002         | Akshay               | Current      | ₹    9500.00
========================================================================

========================================================================
ACCOUNT SNAPSHOT - TIMESTAMP: 2026-08-17T19:11:19.515515500
========================================================================
Account No   | Holder Name          | Account Type |      Balance
------------------------------------------------------------------------
1002         | Akshay               | Current      | ₹    9500.00
========================================================================

========================================================================
ACCOUNT SNAPSHOT - TIMESTAMP: 2026-08-17T19:11:49.519107600
========================================================================
Account No   | Holder Name          | Account Type |      Balance
------------------------------------------------------------------------
1002         | Akshay               | Current      | ₹    9500.00
========================================================================

========================================================================
ACCOUNT SNAPSHOT - TIMESTAMP: 2026-08-17T19:12:19.522381
========================================================================
Account No   | Holder Name          | Account Type |      Balance
------------------------------------------------------------------------
1002         | Akshay               | Current      | ₹    9500.00
========================================================================

========================================================================
ACCOUNT SNAPSHOT - TIMESTAMP: 2026-08-17T19:12:49.526276500
========================================================================
Account No   | Holder Name          | Account Type |      Balance
------------------------------------------------------------------------
1002         | Akshay               | Current      | ₹    9500.00
========================================================================

========================================================================
ACCOUNT SNAPSHOT - TIMESTAMP: 2026-08-17T19:13:19.529345
========================================================================
Account No   | Holder Name          | Account Type |      Balance
------------------------------------------------------------------------
1002         | Akshay               | Current      | ₹    9500.00
========================================================================

========================================================================
ACCOUNT SNAPSHOT - TIMESTAMP: 2026-08-17T19:13:49.532074200
========================================================================
Account No   | Holder Name          | Account Type |      Balance
------------------------------------------------------------------------
1002         | Akshay               | Current      | ₹    9500.00
========================================================================

========================================================================
ACCOUNT SNAPSHOT - TIMESTAMP: 2026-08-17T19:14:19.536696700
========================================================================
Account No   | Holder Name          | Account Type |      Balance
------------------------------------------------------------------------
1002         | Akshay               | Current      | ₹    9500.00
========================================================================

========================================================================
ACCOUNT SNAPSHOT - TIMESTAMP: 2026-08-17T19:14:49.537449500
========================================================================
Account No   | Holder Name          | Account Type |      Balance
------------------------------------------------------------------------
1002         | Akshay               | Current      | ₹    9500.00
========================================================================

========================================================================
ACCOUNT SNAPSHOT - TIMESTAMP: 2026-08-17T19:15:19.540236700
========================================================================
Account No   | Holder Name          | Account Type |      Balance
------------------------------------------------------------------------
1002         | Akshay               | Current      | ₹    9500.00
========================================================================

========================================================================
ACCOUNT SNAPSHOT - TIMESTAMP: 2026-08-17T19:15:49.543434500
========================================================================
Account No   | Holder Name          | Account Type |      Balance
------------------------------------------------------------------------
1002         | Akshay               | Current      | ₹    9500.00
========================================================================

========================================================================
ACCOUNT SNAPSHOT - TIMESTAMP: 2026-08-17T19:16:19.547081
========================================================================
Account No   | Holder Name          | Account Type |      Balance
------------------------------------------------------------------------
1002         | Akshay               | Current      | ₹    9500.00
========================================================================

========================================================================
ACCOUNT SNAPSHOT - TIMESTAMP: 2026-08-17T19:16:49.550143
========================================================================
Account No   | Holder Name          | Account Type |      Balance
------------------------------------------------------------------------
1002         | Akshay               | Current      | ₹    9500.00
========================================================================

========================================================================
ACCOUNT SNAPSHOT - TIMESTAMP: 2026-08-17T19:17:19.552757700
========================================================================
Account No   | Holder Name          | Account Type |      Balance
------------------------------------------------------------------------
1002         | Akshay               | Current      | ₹    9500.00
========================================================================

========================================================================
ACCOUNT SNAPSHOT - TIMESTAMP: 2026-08-17T19:17:49.555209400
========================================================================
Account No   | Holder Name          | Account Type |      Balance
------------------------------------------------------------------------
1002         | Akshay               | Current      | ₹    9500.00
========================================================================

========================================================================
ACCOUNT SNAPSHOT - TIMESTAMP: 2026-08-17T19:18:19.557140
========================================================================
Account No   | Holder Name          | Account Type |      Balance
------------------------------------------------------------------------
1002         | Akshay               | Current      | ₹    9500.00
========================================================================

========================================================================
ACCOUNT SNAPSHOT - TIMESTAMP: 2026-08-17T19:18:49.559462600
========================================================================
Account No   | Holder Name          | Account Type |      Balance
------------------------------------------------------------------------
1002         | Akshay               | Current      | ₹    9500.00
========================================================================

========================================================================
ACCOUNT SNAPSHOT - TIMESTAMP: 2026-08-17T19:19:19.563022
========================================================================
Account No   | Holder Name          | Account Type |      Balance
------------------------------------------------------------------------
1002         | Akshay               | Current      | ₹    9500.00
========================================================================

========================================================================
ACCOUNT SNAPSHOT - TIMESTAMP: 2026-08-17T19:19:49.565215300
========================================================================
Account No   | Holder Name          | Account Type |      Balance
------------------------------------------------------------------------
1002         | Akshay               | Current      | ₹    9500.00
========================================================================

========================================================================
ACCOUNT SNAPSHOT - TIMESTAMP: 2026-08-17T19:20:19.567078400
========================================================================
Account No   | Holder Name          | Account Type |      Balance
------------------------------------------------------------------------
1002         | Akshay               | Current      | ₹    9500.00
========================================================================

========================================================================
ACCOUNT SNAPSHOT - TIMESTAMP: 2026-08-17T19:20:49.571764200
========================================================================
Account No   | Holder Name          | Account Type |      Balance
------------------------------------------------------------------------
1002         | Akshay               | Current      | ₹    9500.00
========================================================================

========================================================================
ACCOUNT SNAPSHOT - TIMESTAMP: 2026-08-17T19:21:19.573567900
========================================================================
Account No   | Holder Name          | Account Type |      Balance
------------------------------------------------------------------------
1002         | Akshay               | Current      | ₹    9500.00
========================================================================

========================================================================
ACCOUNT SNAPSHOT - TIMESTAMP: 2026-08-17T19:21:49.575132800
========================================================================
Account No   | Holder Name          | Account Type |      Balance
------------------------------------------------------------------------
1002         | Akshay               | Current      | ₹    9500.00
========================================================================

========================================================================
ACCOUNT SNAPSHOT - TIMESTAMP: 2026-08-17T19:22:19.576807800
========================================================================
Account No   | Holder Name          | Account Type |      Balance
------------------------------------------------------------------------
1002         | Akshay               | Current      | ₹    9500.00
========================================================================

========================================================================
ACCOUNT SNAPSHOT - TIMESTAMP: 2026-08-17T19:22:49.578389400
========================================================================
Account No   | Holder Name          | Account Type |      Balance
------------------------------------------------------------------------
1002         | Akshay               | Current      | ₹    9500.00
========================================================================

========================================================================
ACCOUNT SNAPSHOT - TIMESTAMP: 2026-08-17T19:23:19.581810200
========================================================================
Account No   | Holder Name          | Account Type |      Balance
------------------------------------------------------------------------
1002         | Akshay               | Current      | ₹    9500.00
========================================================================

========================================================================
ACCOUNT SNAPSHOT - TIMESTAMP: 2026-08-17T19:23:49.583081700
========================================================================
Account No   | Holder Name          | Account Type |      Balance
------------------------------------------------------------------------
1002         | Akshay               | Current      | ₹    9500.00
========================================================================

========================================================================
ACCOUNT SNAPSHOT - TIMESTAMP: 2026-08-17T19:24:19.585880900
========================================================================
Account No   | Holder Name          | Account Type |      Balance
------------------------------------------------------------------------
1002         | Akshay               | Current      | ₹    9500.00
========================================================================

========================================================================
ACCOUNT SNAPSHOT - TIMESTAMP: 2026-08-17T19:24:49.587900200
========================================================================
Account No   | Holder Name          | Account Type |      Balance
------------------------------------------------------------------------
1002         | Akshay               | Current      | ₹    9500.00
========================================================================

========================================================================
ACCOUNT SNAPSHOT - TIMESTAMP: 2026-08-17T19:25:19.589332700
========================================================================
Account No   | Holder Name          | Account Type |      Balance
------------------------------------------------------------------------
1002         | Akshay               | Current      | ₹    9500.00
========================================================================

========================================================================
ACCOUNT SNAPSHOT - TIMESTAMP: 2026-08-17T19:25:49.591607200
========================================================================
Account No   | Holder Name          | Account Type |      Balance
------------------------------------------------------------------------
1002         | Akshay               | Current      | ₹    9500.00
========================================================================

========================================================================
ACCOUNT SNAPSHOT - TIMESTAMP: 2026-08-17T19:26:19.595313600
========================================================================
Account No   | Holder Name          | Account Type |      Balance
------------------------------------------------------------------------
1002         | Akshay               | Current      | ₹    9500.00
========================================================================

========================================================================
ACCOUNT SNAPSHOT - TIMESTAMP: 2026-08-17T19:26:49.596626100
========================================================================
Account No   | Holder Name          | Account Type |      Balance
------------------------------------------------------------------------
1002         | Akshay               | Current      | ₹    9500.00
========================================================================

========================================================================
ACCOUNT SNAPSHOT - TIMESTAMP: 2026-08-17T19:27:19.599862300
========================================================================
Account No   | Holder Name          | Account Type |      Balance
------------------------------------------------------------------------
1002         | Akshay               | Current      | ₹    9500.00
========================================================================

========================================================================
ACCOUNT SNAPSHOT - TIMESTAMP: 2026-08-17T19:27:49.602294600
========================================================================
Account No   | Holder Name          | Account Type |      Balance
------------------------------------------------------------------------
1002         | Akshay               | Current      | ₹    9500.00
========================================================================

========================================================================
ACCOUNT SNAPSHOT - TIMESTAMP: 2026-08-17T19:28:19.603841
========================================================================
Account No   | Holder Name          | Account Type |      Balance
------------------------------------------------------------------------
1002         | Akshay               | Current      | ₹    9500.00
========================================================================

========================================================================
ACCOUNT SNAPSHOT - TIMESTAMP: 2026-08-17T19:28:49.606504200
========================================================================
Account No   | Holder Name          | Account Type |      Balance
------------------------------------------------------------------------
1002         | Akshay               | Current      | ₹    9500.00
========================================================================

========================================================================
ACCOUNT SNAPSHOT - TIMESTAMP: 2026-08-17T19:29:19.608099300
========================================================================
Account No   | Holder Name          | Account Type |      Balance
------------------------------------------------------------------------
1002         | Akshay               | Current      | ₹    9500.00
========================================================================

========================================================================
ACCOUNT SNAPSHOT - TIMESTAMP: 2026-08-17T19:29:49.610271
========================================================================
Account No   | Holder Name          | Account Type |      Balance
------------------------------------------------------------------------
1002         | Akshay               | Current      | ₹    9500.00
========================================================================

========================================================================
ACCOUNT SNAPSHOT - TIMESTAMP: 2026-08-17T19:30:19.611916400
========================================================================
Account No   | Holder Name          | Account Type |      Balance
------------------------------------------------------------------------
1002         | Akshay               | Current      | ₹    9500.00
========================================================================

========================================================================
ACCOUNT SNAPSHOT - TIMESTAMP: 2026-08-17T19:30:49.614576200
========================================================================
Account No   | Holder Name          | Account Type |      Balance
------------------------------------------------------------------------
1002         | Akshay               | Current      | ₹    9500.00
========================================================================

========================================================================
ACCOUNT SNAPSHOT - TIMESTAMP: 2026-08-17T19:31:19.617076300
========================================================================
Account No   | Holder Name          | Account Type |      Balance
------------------------------------------------------------------------
1002         | Akshay               | Current      | ₹    9500.00
========================================================================

========================================================================
ACCOUNT SNAPSHOT - TIMESTAMP: 2026-08-17T19:31:49.618579700
========================================================================
Account No   | Holder Name          | Account Type |      Balance
------------------------------------------------------------------------
1002         | Akshay               | Current      | ₹    9500.00
========================================================================

========================================================================
ACCOUNT SNAPSHOT - TIMESTAMP: 2026-08-17T19:32:19.621564900
========================================================================
Account No   | Holder Name          | Account Type |      Balance
------------------------------------------------------------------------
1002         | Akshay               | Current      | ₹    9500.00
========================================================================

========================================================================
ACCOUNT SNAPSHOT - TIMESTAMP: 2026-08-17T19:32:49.625675700
========================================================================
Account No   | Holder Name          | Account Type |      Balance
------------------------------------------------------------------------
1002         | Akshay               | Current      | ₹    9500.00
========================================================================

========================================================================
ACCOUNT SNAPSHOT - TIMESTAMP: 2026-08-17T19:33:19.628228800
========================================================================
Account No   | Holder Name          | Account Type |      Balance
------------------------------------------------------------------------
1002         | Akshay               | Current      | ₹    9500.00
========================================================================

========================================================================
ACCOUNT SNAPSHOT - TIMESTAMP: 2026-08-17T19:33:49.630227800
========================================================================
Account No   | Holder Name          | Account Type |      Balance
------------------------------------------------------------------------
1002         | Akshay               | Current      | ₹    9500.00
========================================================================

========================================================================
ACCOUNT SNAPSHOT - TIMESTAMP: 2026-08-17T19:34:19.632850900
========================================================================
Account No   | Holder Name          | Account Type |      Balance
------------------------------------------------------------------------
1002         | Akshay               | Current      | ₹    9500.00
========================================================================

========================================================================
ACCOUNT SNAPSHOT - TIMESTAMP: 2026-08-17T19:34:49.634248400
========================================================================
Account No   | Holder Name          | Account Type |      Balance
------------------------------------------------------------------------
1002         | Akshay               | Current      | ₹    9500.00
========================================================================

========================================================================
ACCOUNT SNAPSHOT - TIMESTAMP: 2026-08-17T19:35:19.638348
========================================================================
Account No   | Holder Name          | Account Type |      Balance
------------------------------------------------------------------------
1002         | Akshay               | Current      | ₹    9500.00
========================================================================

========================================================================
ACCOUNT SNAPSHOT - TIMESTAMP: 2026-08-17T19:35:49.639157100
========================================================================
Account No   | Holder Name          | Account Type |      Balance
------------------------------------------------------------------------
1002         | Akshay               | Current      | ₹    9500.00
========================================================================

========================================================================
ACCOUNT SNAPSHOT - TIMESTAMP: 2026-08-17T19:36:19.641240300
========================================================================
Account No   | Holder Name          | Account Type |      Balance
------------------------------------------------------------------------
1002         | Akshay               | Current      | ₹    9500.00
========================================================================

========================================================================
ACCOUNT SNAPSHOT - TIMESTAMP: 2026-08-17T19:36:49.643952800
========================================================================
Account No   | Holder Name          | Account Type |      Balance
------------------------------------------------------------------------
1002         | Akshay               | Current      | ₹    9500.00
========================================================================

========================================================================
ACCOUNT SNAPSHOT - TIMESTAMP: 2026-08-17T19:37:19.646160500
========================================================================
Account No   | Holder Name          | Account Type |      Balance
------------------------------------------------------------------------
1002         | Akshay               | Current      | ₹    9500.00
========================================================================

========================================================================
ACCOUNT SNAPSHOT - TIMESTAMP: 2026-08-17T19:37:49.648316400
========================================================================
Account No   | Holder Name          | Account Type |      Balance
------------------------------------------------------------------------
1002         | Akshay               | Current      | ₹    9500.00
========================================================================

========================================================================
ACCOUNT SNAPSHOT - TIMESTAMP: 2026-08-17T19:38:19.650035700
========================================================================
Account No   | Holder Name          | Account Type |      Balance
------------------------------------------------------------------------
1002         | Akshay               | Current      | ₹    9500.00
========================================================================

========================================================================
ACCOUNT SNAPSHOT - TIMESTAMP: 2026-08-17T19:38:49.652441600
========================================================================
Account No   | Holder Name          | Account Type |      Balance
------------------------------------------------------------------------
1002         | Akshay               | Current      | ₹    9500.00
========================================================================

========================================================================
ACCOUNT SNAPSHOT - TIMESTAMP: 2026-08-17T19:39:19.654359500
========================================================================
Account No   | Holder Name          | Account Type |      Balance
------------------------------------------------------------------------
1002         | Akshay               | Current      | ₹    9500.00
========================================================================

========================================================================
ACCOUNT SNAPSHOT - TIMESTAMP: 2026-08-17T19:39:49.657126100
========================================================================
Account No   | Holder Name          | Account Type |      Balance
------------------------------------------------------------------------
1002         | Akshay               | Current      | ₹    9500.00
========================================================================

========================================================================
ACCOUNT SNAPSHOT - TIMESTAMP: 2026-08-17T19:40:19.659199900
========================================================================
Account No   | Holder Name          | Account Type |      Balance
------------------------------------------------------------------------
1002         | Akshay               | Current      | ₹    9500.00
========================================================================

========================================================================
ACCOUNT SNAPSHOT - TIMESTAMP: 2026-08-17T22:40:49.037782700
========================================================================
Account No   | Holder Name          | Account Type |      Balance
------------------------------------------------------------------------
1002         | Akshay               | Current      | ₹    9500.00
========================================================================

========================================================================
ACCOUNT SNAPSHOT - TIMESTAMP: 2026-08-18T07:55:33.759644200
========================================================================
Account No   | Holder Name          | Account Type |      Balance
------------------------------------------------------------------------
1002         | Akshay               | Current      | ₹    9500.00
========================================================================

========================================================================
ACCOUNT SNAPSHOT - TIMESTAMP: 2026-08-18T07:56:03.769256400
========================================================================
Account No   | Holder Name          | Account Type |      Balance
------------------------------------------------------------------------
1002         | Akshay               | Current      | ₹    9500.00
========================================================================

========================================================================
ACCOUNT SNAPSHOT - TIMESTAMP: 2026-08-18T07:56:33.771264700
========================================================================
Account No   | Holder Name          | Account Type |      Balance
------------------------------------------------------------------------
1002         | Akshay               | Current      | ₹    9500.00
========================================================================

========================================================================
ACCOUNT SNAPSHOT - TIMESTAMP: 2026-08-18T07:57:03.780426500
========================================================================
Account No   | Holder Name          | Account Type |      Balance
------------------------------------------------------------------------
1002         | Akshay               | Current      | ₹    9500.00
========================================================================

========================================================================
ACCOUNT SNAPSHOT - TIMESTAMP: 2026-08-18T07:57:33.784332600
========================================================================
Account No   | Holder Name          | Account Type |      Balance
------------------------------------------------------------------------
1002         | Akshay               | Current      | ₹    9500.00
========================================================================

========================================================================
ACCOUNT SNAPSHOT - TIMESTAMP: 2026-08-18T07:58:03.792054700
========================================================================
Account No   | Holder Name          | Account Type |      Balance
------------------------------------------------------------------------
1002         | Akshay               | Current      | ₹    9500.00
========================================================================

========================================================================
ACCOUNT SNAPSHOT - TIMESTAMP: 2026-08-18T07:58:33.799393500
========================================================================
Account No   | Holder Name          | Account Type |      Balance
------------------------------------------------------------------------
1002         | Akshay               | Current      | ₹    9500.00
========================================================================

========================================================================
ACCOUNT SNAPSHOT - TIMESTAMP: 2026-08-18T07:59:03.802852900
========================================================================
Account No   | Holder Name          | Account Type |      Balance
------------------------------------------------------------------------
1002         | Akshay               | Current      | ₹    9500.00
========================================================================

========================================================================
ACCOUNT SNAPSHOT - TIMESTAMP: 2026-08-18T07:59:33.803759700
========================================================================
Account No   | Holder Name          | Account Type |      Balance
------------------------------------------------------------------------
1002         | Akshay               | Current      | ₹    9500.00
========================================================================

========================================================================
ACCOUNT SNAPSHOT - TIMESTAMP: 2026-08-18T08:00:03.819964
========================================================================
Account No   | Holder Name          | Account Type |      Balance
------------------------------------------------------------------------
1002         | Akshay               | Current      | ₹    9500.00
========================================================================

========================================================================
ACCOUNT SNAPSHOT - TIMESTAMP: 2026-08-18T08:00:33.826523500
========================================================================
Account No   | Holder Name          | Account Type |      Balance
------------------------------------------------------------------------
1002         | Akshay               | Current      | ₹    9500.00
========================================================================

========================================================================
ACCOUNT SNAPSHOT - TIMESTAMP: 2026-08-18T08:01:03.837383800
========================================================================
Account No   | Holder Name          | Account Type |      Balance
------------------------------------------------------------------------
1002         | Akshay               | Current      | ₹    9500.00
========================================================================

========================================================================
ACCOUNT SNAPSHOT - TIMESTAMP: 2026-08-18T08:01:33.853387
========================================================================
Account No   | Holder Name          | Account Type |      Balance
------------------------------------------------------------------------
1002         | Akshay               | Current      | ₹    9500.00
========================================================================

========================================================================
ACCOUNT SNAPSHOT - TIMESTAMP: 2026-08-18T08:02:03.861767600
========================================================================
Account No   | Holder Name          | Account Type |      Balance
------------------------------------------------------------------------
1002         | Akshay               | Current      | ₹    9500.00
========================================================================

========================================================================
ACCOUNT SNAPSHOT - TIMESTAMP: 2026-08-18T08:02:33.866802400
========================================================================
Account No   | Holder Name          | Account Type |      Balance
------------------------------------------------------------------------
1002         | Akshay               | Current      | ₹    9500.00
========================================================================

========================================================================
ACCOUNT SNAPSHOT - TIMESTAMP: 2026-08-18T08:03:03.875707200
========================================================================
Account No   | Holder Name          | Account Type |      Balance
------------------------------------------------------------------------
1002         | Akshay               | Current      | ₹    9500.00
========================================================================

========================================================================
ACCOUNT SNAPSHOT - TIMESTAMP: 2026-08-18T08:03:33.879111900
========================================================================
Account No   | Holder Name          | Account Type |      Balance
------------------------------------------------------------------------
1002         | Akshay               | Current      | ₹    9500.00
========================================================================

========================================================================
ACCOUNT SNAPSHOT - TIMESTAMP: 2026-08-18T08:04:03.887443200
========================================================================
Account No   | Holder Name          | Account Type |      Balance
------------------------------------------------------------------------
1002         | Akshay               | Current      | ₹    9500.00
========================================================================

========================================================================
ACCOUNT SNAPSHOT - TIMESTAMP: 2026-08-18T08:04:33.898219100
========================================================================
Account No   | Holder Name          | Account Type |      Balance
------------------------------------------------------------------------
1002         | Akshay               | Current      | ₹    9500.00
========================================================================

========================================================================
ACCOUNT SNAPSHOT - TIMESTAMP: 2026-08-18T08:05:03.916430700
========================================================================
Account No   | Holder Name          | Account Type |      Balance
------------------------------------------------------------------------
1002         | Akshay               | Current      | ₹    9500.00
========================================================================

========================================================================
ACCOUNT SNAPSHOT - TIMESTAMP: 2026-08-18T08:05:33.921763
========================================================================
Account No   | Holder Name          | Account Type |      Balance
------------------------------------------------------------------------
1002         | Akshay               | Current      | ₹    9500.00
========================================================================

========================================================================
ACCOUNT SNAPSHOT - TIMESTAMP: 2026-08-18T10:29:04.228511100
========================================================================
Account No   | Holder Name          | Account Type |      Balance
------------------------------------------------------------------------
1002         | Akshay               | Current      | ₹    9500.00
========================================================================

========================================================================
ACCOUNT SNAPSHOT - TIMESTAMP: 2026-08-18T10:29:34.242616400
========================================================================
Account No   | Holder Name          | Account Type |      Balance
------------------------------------------------------------------------
1002         | Akshay               | Current      | ₹    9500.00
========================================================================

========================================================================
ACCOUNT SNAPSHOT - TIMESTAMP: 2026-08-18T10:30:04.264758100
========================================================================
Account No   | Holder Name          | Account Type |      Balance
------------------------------------------------------------------------
1002         | Akshay               | Current      | ₹    9500.00
========================================================================

========================================================================
ACCOUNT SNAPSHOT - TIMESTAMP: 2026-08-18T10:30:34.281394500
========================================================================
Account No   | Holder Name          | Account Type |      Balance
------------------------------------------------------------------------
1002         | Akshay               | Current      | ₹    9500.00
========================================================================

========================================================================
ACCOUNT SNAPSHOT - TIMESTAMP: 2026-08-18T10:31:04.293376800
========================================================================
Account No   | Holder Name          | Account Type |      Balance
------------------------------------------------------------------------
1002         | Akshay               | Current      | ₹    9500.00
========================================================================

========================================================================
ACCOUNT SNAPSHOT - TIMESTAMP: 2026-08-18T10:31:34.308988500
========================================================================
Account No   | Holder Name          | Account Type |      Balance
------------------------------------------------------------------------
1002         | Akshay               | Current      | ₹    9500.00
========================================================================

========================================================================
ACCOUNT SNAPSHOT - TIMESTAMP: 2026-08-18T10:32:04.323404600
========================================================================
Account No   | Holder Name          | Account Type |      Balance
------------------------------------------------------------------------
1002         | Akshay               | Current      | ₹    9500.00
========================================================================

========================================================================
ACCOUNT SNAPSHOT - TIMESTAMP: 2026-08-18T10:32:34.327151400
========================================================================
Account No   | Holder Name          | Account Type |      Balance
------------------------------------------------------------------------
1002         | Akshay               | Current      | ₹    9500.00
========================================================================

========================================================================
ACCOUNT SNAPSHOT - TIMESTAMP: 2026-08-18T10:33:04.337340100
========================================================================
Account No   | Holder Name          | Account Type |      Balance
------------------------------------------------------------------------
1002         | Akshay               | Current      | ₹    9500.00
========================================================================

========================================================================
ACCOUNT SNAPSHOT - TIMESTAMP: 2026-08-18T10:33:34.344861500
========================================================================
Account No   | Holder Name          | Account Type |      Balance
------------------------------------------------------------------------
1002         | Akshay               | Current      | ₹    9500.00
========================================================================

========================================================================
ACCOUNT SNAPSHOT - TIMESTAMP: 2026-08-18T10:34:04.355682200
========================================================================
Account No   | Holder Name          | Account Type |      Balance
------------------------------------------------------------------------
1002         | Akshay               | Current      | ₹    9500.00
========================================================================

========================================================================
ACCOUNT SNAPSHOT - TIMESTAMP: 2026-08-18T10:34:34.365668700
========================================================================
Account No   | Holder Name          | Account Type |      Balance
------------------------------------------------------------------------
1002         | Akshay               | Current      | ₹    9500.00
========================================================================

========================================================================
ACCOUNT SNAPSHOT - TIMESTAMP: 2026-08-18T10:35:04.381136300
========================================================================
Account No   | Holder Name          | Account Type |      Balance
------------------------------------------------------------------------
1002         | Akshay               | Current      | ₹    9500.00
========================================================================

========================================================================
ACCOUNT SNAPSHOT - TIMESTAMP: 2026-08-18T10:35:34.399614800
========================================================================
Account No   | Holder Name          | Account Type |      Balance
------------------------------------------------------------------------
1002         | Akshay               | Current      | ₹    9500.00
========================================================================

========================================================================
ACCOUNT SNAPSHOT - TIMESTAMP: 2026-08-18T10:36:04.404865100
========================================================================
Account No   | Holder Name          | Account Type |      Balance
------------------------------------------------------------------------
1002         | Akshay               | Current      | ₹    9500.00
========================================================================

========================================================================
ACCOUNT SNAPSHOT - TIMESTAMP: 2026-08-18T10:36:34.409705800
========================================================================
Account No   | Holder Name          | Account Type |      Balance
------------------------------------------------------------------------
1002         | Akshay               | Current      | ₹    9500.00
========================================================================

========================================================================
ACCOUNT SNAPSHOT - TIMESTAMP: 2026-08-18T10:37:04.420813300
========================================================================
Account No   | Holder Name          | Account Type |      Balance
------------------------------------------------------------------------
1002         | Akshay               | Current      | ₹    9500.00
========================================================================

========================================================================
ACCOUNT SNAPSHOT - TIMESTAMP: 2026-08-18T10:37:34.435328600
========================================================================
Account No   | Holder Name          | Account Type |      Balance
------------------------------------------------------------------------
1002         | Akshay               | Current      | ₹    9500.00
========================================================================

========================================================================
ACCOUNT SNAPSHOT - TIMESTAMP: 2026-08-18T10:38:04.443115800
========================================================================
Account No   | Holder Name          | Account Type |      Balance
------------------------------------------------------------------------
1002         | Akshay               | Current      | ₹    9500.00
========================================================================

========================================================================
ACCOUNT SNAPSHOT - TIMESTAMP: 2026-08-18T10:38:34.455197900
========================================================================
Account No   | Holder Name          | Account Type |      Balance
------------------------------------------------------------------------
1002         | Akshay               | Current      | ₹    9500.00
========================================================================

========================================================================
ACCOUNT SNAPSHOT - TIMESTAMP: 2026-08-18T10:39:04.466740900
========================================================================
Account No   | Holder Name          | Account Type |      Balance
------------------------------------------------------------------------
1002         | Akshay               | Current      | ₹    9500.00
========================================================================

========================================================================
ACCOUNT SNAPSHOT - TIMESTAMP: 2026-08-18T10:39:34.470809900
========================================================================
Account No   | Holder Name          | Account Type |      Balance
------------------------------------------------------------------------
1002         | Akshay               | Current      | ₹    9500.00
========================================================================

========================================================================
ACCOUNT SNAPSHOT - TIMESTAMP: 2026-08-18T10:40:04.477754400
========================================================================
Account No   | Holder Name          | Account Type |      Balance
------------------------------------------------------------------------
1002         | Akshay               | Current      | ₹    9500.00
========================================================================

========================================================================
ACCOUNT SNAPSHOT - TIMESTAMP: 2026-08-18T10:40:34.492255500
========================================================================
Account No   | Holder Name          | Account Type |      Balance
------------------------------------------------------------------------
1002         | Akshay               | Current      | ₹    9500.00
========================================================================

========================================================================
ACCOUNT SNAPSHOT - TIMESTAMP: 2026-08-18T10:41:04.551754100
========================================================================
Account No   | Holder Name          | Account Type |      Balance
------------------------------------------------------------------------
1002         | Akshay               | Current      | ₹    9500.00
========================================================================

========================================================================
ACCOUNT SNAPSHOT - TIMESTAMP: 2026-08-18T10:41:34.567217900
========================================================================
Account No   | Holder Name          | Account Type |      Balance
------------------------------------------------------------------------
1002         | Akshay               | Current      | ₹    9500.00
========================================================================

========================================================================
ACCOUNT SNAPSHOT - TIMESTAMP: 2026-08-18T10:42:04.576428200
========================================================================
Account No   | Holder Name          | Account Type |      Balance
------------------------------------------------------------------------
1002         | Akshay               | Current      | ₹    9500.00
========================================================================

========================================================================
ACCOUNT SNAPSHOT - TIMESTAMP: 2026-08-18T10:42:34.582237400
========================================================================
Account No   | Holder Name          | Account Type |      Balance
------------------------------------------------------------------------
1002         | Akshay               | Current      | ₹    9500.00
========================================================================

========================================================================
ACCOUNT SNAPSHOT - TIMESTAMP: 2026-08-18T10:43:04.590266800
========================================================================
Account No   | Holder Name          | Account Type |      Balance
------------------------------------------------------------------------
1002         | Akshay               | Current      | ₹    9500.00
========================================================================

========================================================================
ACCOUNT SNAPSHOT - TIMESTAMP: 2026-08-18T10:43:34.596680100
========================================================================
Account No   | Holder Name          | Account Type |      Balance
------------------------------------------------------------------------
1002         | Akshay               | Current      | ₹    9500.00
========================================================================

========================================================================
ACCOUNT SNAPSHOT - TIMESTAMP: 2026-08-18T10:44:04.600377300
========================================================================
Account No   | Holder Name          | Account Type |      Balance
------------------------------------------------------------------------
1002         | Akshay               | Current      | ₹    9500.00
========================================================================

========================================================================
ACCOUNT SNAPSHOT - TIMESTAMP: 2026-08-18T10:44:34.603911500
========================================================================
Account No   | Holder Name          | Account Type |      Balance
------------------------------------------------------------------------
1002         | Akshay               | Current      | ₹    9500.00
========================================================================

========================================================================
ACCOUNT SNAPSHOT - TIMESTAMP: 2026-08-18T10:45:04.607206300
========================================================================
Account No   | Holder Name          | Account Type |      Balance
------------------------------------------------------------------------
1002         | Akshay               | Current      | ₹    9500.00
========================================================================

========================================================================
ACCOUNT SNAPSHOT - TIMESTAMP: 2026-08-18T10:45:34.614867300
========================================================================
Account No   | Holder Name          | Account Type |      Balance
------------------------------------------------------------------------
1002         | Akshay               | Current      | ₹    9500.00
========================================================================

========================================================================
ACCOUNT SNAPSHOT - TIMESTAMP: 2026-08-18T10:46:04.619738100
========================================================================
Account No   | Holder Name          | Account Type |      Balance
------------------------------------------------------------------------
1002         | Akshay               | Current      | ₹    9500.00
========================================================================

========================================================================
ACCOUNT SNAPSHOT - TIMESTAMP: 2026-08-18T10:46:34.630893600
========================================================================
Account No   | Holder Name          | Account Type |      Balance
------------------------------------------------------------------------
1002         | Akshay               | Current      | ₹    9500.00
========================================================================

========================================================================
ACCOUNT SNAPSHOT - TIMESTAMP: 2026-08-18T10:47:04.638400200
========================================================================
Account No   | Holder Name          | Account Type |      Balance
------------------------------------------------------------------------
1002         | Akshay               | Current      | ₹    9500.00
========================================================================

========================================================================
ACCOUNT SNAPSHOT - TIMESTAMP: 2026-08-18T10:47:34.641797400
========================================================================
Account No   | Holder Name          | Account Type |      Balance
------------------------------------------------------------------------
1002         | Akshay               | Current      | ₹    9500.00
========================================================================

========================================================================
ACCOUNT SNAPSHOT - TIMESTAMP: 2026-08-18T10:48:04.644507900
========================================================================
Account No   | Holder Name          | Account Type |      Balance
------------------------------------------------------------------------
1002         | Akshay               | Current      | ₹    9500.00
========================================================================

========================================================================
ACCOUNT SNAPSHOT - TIMESTAMP: 2026-08-18T10:48:34.646956800
========================================================================
Account No   | Holder Name          | Account Type |      Balance
------------------------------------------------------------------------
1002         | Akshay               | Current      | ₹    9500.00
========================================================================

========================================================================
ACCOUNT SNAPSHOT - TIMESTAMP: 2026-08-18T10:49:04.677685400
========================================================================
Account No   | Holder Name          | Account Type |      Balance
------------------------------------------------------------------------
1002         | Akshay               | Current      | ₹    9500.00
========================================================================

========================================================================
ACCOUNT SNAPSHOT - TIMESTAMP: 2026-08-18T10:49:34.683360900
========================================================================
Account No   | Holder Name          | Account Type |      Balance
------------------------------------------------------------------------
1002         | Akshay               | Current      | ₹    9500.00
========================================================================

========================================================================
ACCOUNT SNAPSHOT - TIMESTAMP: 2026-08-18T10:50:04.692623400
========================================================================
Account No   | Holder Name          | Account Type |      Balance
------------------------------------------------------------------------
1002         | Akshay               | Current      | ₹    9500.00
========================================================================

========================================================================
ACCOUNT SNAPSHOT - TIMESTAMP: 2026-08-18T10:50:34.702815200
========================================================================
Account No   | Holder Name          | Account Type |      Balance
------------------------------------------------------------------------
1002         | Akshay               | Current      | ₹    9500.00
========================================================================

========================================================================
ACCOUNT SNAPSHOT - TIMESTAMP: 2026-08-18T10:51:04.707451500
========================================================================
Account No   | Holder Name          | Account Type |      Balance
------------------------------------------------------------------------
1002         | Akshay               | Current      | ₹    9500.00
========================================================================

========================================================================
ACCOUNT SNAPSHOT - TIMESTAMP: 2026-08-18T10:51:34.712964
========================================================================
Account No   | Holder Name          | Account Type |      Balance
------------------------------------------------------------------------
1002         | Akshay               | Current      | ₹    9500.00
========================================================================

========================================================================
ACCOUNT SNAPSHOT - TIMESTAMP: 2026-08-18T10:52:04.722010
========================================================================
Account No   | Holder Name          | Account Type |      Balance
------------------------------------------------------------------------
1002         | Akshay               | Current      | ₹    9500.00
========================================================================

========================================================================
ACCOUNT SNAPSHOT - TIMESTAMP: 2026-08-18T10:52:34.802322600
========================================================================
Account No   | Holder Name          | Account Type |      Balance
------------------------------------------------------------------------
1002         | Akshay               | Current      | ₹    9500.00
========================================================================

========================================================================
ACCOUNT SNAPSHOT - TIMESTAMP: 2026-08-18T10:53:04.818787300
========================================================================
Account No   | Holder Name          | Account Type |      Balance
------------------------------------------------------------------------
1002         | Akshay               | Current      | ₹    9500.00
========================================================================

========================================================================
ACCOUNT SNAPSHOT - TIMESTAMP: 2026-08-18T10:53:34.836479400
========================================================================
Account No   | Holder Name          | Account Type |      Balance
------------------------------------------------------------------------
1002         | Akshay               | Current      | ₹    9500.00
========================================================================

========================================================================
ACCOUNT SNAPSHOT - TIMESTAMP: 2026-08-18T10:54:04.839312800
========================================================================
Account No   | Holder Name          | Account Type |      Balance
------------------------------------------------------------------------
1002         | Akshay               | Current      | ₹    9500.00
========================================================================

========================================================================
ACCOUNT SNAPSHOT - TIMESTAMP: 2026-08-18T10:54:34.854164
========================================================================
Account No   | Holder Name          | Account Type |      Balance
------------------------------------------------------------------------
1002         | Akshay               | Current      | ₹    9500.00
========================================================================

========================================================================
ACCOUNT SNAPSHOT - TIMESTAMP: 2026-08-18T10:55:04.860959700
========================================================================
Account No   | Holder Name          | Account Type |      Balance
------------------------------------------------------------------------
1002         | Akshay               | Current      | ₹    9500.00
========================================================================

========================================================================
ACCOUNT SNAPSHOT - TIMESTAMP: 2026-08-18T10:55:34.866065300
========================================================================
Account No   | Holder Name          | Account Type |      Balance
------------------------------------------------------------------------
1002         | Akshay               | Current      | ₹    9500.00
========================================================================

========================================================================
ACCOUNT SNAPSHOT - TIMESTAMP: 2026-08-18T10:56:04.907674600
========================================================================
Account No   | Holder Name          | Account Type |      Balance
------------------------------------------------------------------------
1002         | Akshay               | Current      | ₹    9500.00
========================================================================

========================================================================
ACCOUNT SNAPSHOT - TIMESTAMP: 2026-08-18T10:56:34.923820900
========================================================================
Account No   | Holder Name          | Account Type |      Balance
------------------------------------------------------------------------
1002         | Akshay               | Current      | ₹    9500.00
========================================================================

========================================================================
ACCOUNT SNAPSHOT - TIMESTAMP: 2026-08-18T10:57:04.931607400
========================================================================
Account No   | Holder Name          | Account Type |      Balance
------------------------------------------------------------------------
1002         | Akshay               | Current      | ₹    9500.00
========================================================================

========================================================================
ACCOUNT SNAPSHOT - TIMESTAMP: 2026-08-18T10:57:34.940863500
========================================================================
Account No   | Holder Name          | Account Type |      Balance
------------------------------------------------------------------------
1002         | Akshay               | Current      | ₹    9500.00
========================================================================

========================================================================
ACCOUNT SNAPSHOT - TIMESTAMP: 2026-08-18T10:58:04.948922100
========================================================================
Account No   | Holder Name          | Account Type |      Balance
------------------------------------------------------------------------
1002         | Akshay               | Current      | ₹    9500.00
========================================================================

========================================================================
ACCOUNT SNAPSHOT - TIMESTAMP: 2026-08-18T10:58:34.959647300
========================================================================
Account No   | Holder Name          | Account Type |      Balance
------------------------------------------------------------------------
1002         | Akshay               | Current      | ₹    9500.00
========================================================================

========================================================================
ACCOUNT SNAPSHOT - TIMESTAMP: 2026-08-18T10:59:04.972459400
========================================================================
Account No   | Holder Name          | Account Type |      Balance
------------------------------------------------------------------------
1002         | Akshay               | Current      | ₹    9500.00
========================================================================

========================================================================
ACCOUNT SNAPSHOT - TIMESTAMP: 2026-08-18T10:59:35.032899100
========================================================================
Account No   | Holder Name          | Account Type |      Balance
------------------------------------------------------------------------
1002         | Akshay               | Current      | ₹    9500.00
========================================================================

========================================================================
ACCOUNT SNAPSHOT - TIMESTAMP: 2026-08-18T11:00:05.049607800
========================================================================
Account No   | Holder Name          | Account Type |      Balance
------------------------------------------------------------------------
1002         | Akshay               | Current      | ₹    9500.00
========================================================================

========================================================================
ACCOUNT SNAPSHOT - TIMESTAMP: 2026-08-18T11:00:35.057298200
========================================================================
Account No   | Holder Name          | Account Type |      Balance
------------------------------------------------------------------------
1002         | Akshay               | Current      | ₹    9500.00
========================================================================

========================================================================
ACCOUNT SNAPSHOT - TIMESTAMP: 2026-08-18T11:01:05.063776200
========================================================================
Account No   | Holder Name          | Account Type |      Balance
------------------------------------------------------------------------
1002         | Akshay               | Current      | ₹    9500.00
========================================================================

========================================================================
ACCOUNT SNAPSHOT - TIMESTAMP: 2026-08-18T11:01:35.081387100
========================================================================
Account No   | Holder Name          | Account Type |      Balance
------------------------------------------------------------------------
1002         | Akshay               | Current      | ₹    9500.00
========================================================================

========================================================================
ACCOUNT SNAPSHOT - TIMESTAMP: 2026-08-18T11:02:05.086326500
========================================================================
Account No   | Holder Name          | Account Type |      Balance
------------------------------------------------------------------------
1002         | Akshay               | Current      | ₹    9500.00
========================================================================

========================================================================
ACCOUNT SNAPSHOT - TIMESTAMP: 2026-08-18T11:02:35.096127400
========================================================================
Account No   | Holder Name          | Account Type |      Balance
------------------------------------------------------------------------
1002         | Akshay               | Current      | ₹    9500.00
========================================================================

========================================================================
ACCOUNT SNAPSHOT - TIMESTAMP: 2026-08-18T11:03:05.149659500
========================================================================
Account No   | Holder Name          | Account Type |      Balance
------------------------------------------------------------------------
1002         | Akshay               | Current      | ₹    9500.00
========================================================================

========================================================================
ACCOUNT SNAPSHOT - TIMESTAMP: 2026-08-18T11:03:35.165657300
========================================================================
Account No   | Holder Name          | Account Type |      Balance
------------------------------------------------------------------------
1002         | Akshay               | Current      | ₹    9500.00
========================================================================

========================================================================
ACCOUNT SNAPSHOT - TIMESTAMP: 2026-08-18T11:04:05.176906
========================================================================
Account No   | Holder Name          | Account Type |      Balance
------------------------------------------------------------------------
1002         | Akshay               | Current      | ₹    9500.00
========================================================================

========================================================================
ACCOUNT SNAPSHOT - TIMESTAMP: 2026-08-18T11:04:35.189485
========================================================================
Account No   | Holder Name          | Account Type |      Balance
------------------------------------------------------------------------
1002         | Akshay               | Current      | ₹    9500.00
========================================================================

========================================================================
ACCOUNT SNAPSHOT - TIMESTAMP: 2026-08-18T11:05:05.202664900
========================================================================
Account No   | Holder Name          | Account Type |      Balance
------------------------------------------------------------------------
1002         | Akshay               | Current      | ₹    9500.00
========================================================================

========================================================================
ACCOUNT SNAPSHOT - TIMESTAMP: 2026-08-18T11:05:35.223435100
========================================================================
Account No   | Holder Name          | Account Type |      Balance
------------------------------------------------------------------------
1002         | Akshay               | Current      | ₹    9500.00
========================================================================

========================================================================
ACCOUNT SNAPSHOT - TIMESTAMP: 2026-08-18T11:06:05.239932700
========================================================================
Account No   | Holder Name          | Account Type |      Balance
------------------------------------------------------------------------
1002         | Akshay               | Current      | ₹    9500.00
========================================================================

========================================================================
ACCOUNT SNAPSHOT - TIMESTAMP: 2026-08-18T11:06:35.295825200
========================================================================
Account No   | Holder Name          | Account Type |      Balance
------------------------------------------------------------------------
1002         | Akshay               | Current      | ₹    9500.00
========================================================================

========================================================================
ACCOUNT SNAPSHOT - TIMESTAMP: 2026-08-18T11:07:05.301947800
========================================================================
Account No   | Holder Name          | Account Type |      Balance
------------------------------------------------------------------------
1002         | Akshay               | Current      | ₹    9500.00
========================================================================

========================================================================
ACCOUNT SNAPSHOT - TIMESTAMP: 2026-08-18T11:07:35.317213900
========================================================================
Account No   | Holder Name          | Account Type |      Balance
------------------------------------------------------------------------
1002         | Akshay               | Current      | ₹    9500.00
========================================================================

========================================================================
ACCOUNT SNAPSHOT - TIMESTAMP: 2026-08-18T11:08:05.328782800
========================================================================
Account No   | Holder Name          | Account Type |      Balance
------------------------------------------------------------------------
1002         | Akshay               | Current      | ₹    9500.00
========================================================================

========================================================================
ACCOUNT SNAPSHOT - TIMESTAMP: 2026-08-18T11:08:35.339040500
========================================================================
Account No   | Holder Name          | Account Type |      Balance
------------------------------------------------------------------------
1002         | Akshay               | Current      | ₹    9500.00
========================================================================

========================================================================
ACCOUNT SNAPSHOT - TIMESTAMP: 2026-08-18T11:09:05.349711100
========================================================================
Account No   | Holder Name          | Account Type |      Balance
------------------------------------------------------------------------
1002         | Akshay               | Current      | ₹    9500.00
========================================================================

========================================================================
ACCOUNT SNAPSHOT - TIMESTAMP: 2026-08-18T11:09:35.358485400
========================================================================
Account No   | Holder Name          | Account Type |      Balance
------------------------------------------------------------------------
1002         | Akshay               | Current      | ₹    9500.00
========================================================================

========================================================================
ACCOUNT SNAPSHOT - TIMESTAMP: 2026-08-18T11:10:05.395154
========================================================================
Account No   | Holder Name          | Account Type |      Balance
------------------------------------------------------------------------
1002         | Akshay               | Current      | ₹    9500.00
========================================================================

========================================================================
ACCOUNT SNAPSHOT - TIMESTAMP: 2026-08-18T11:10:35.404820800
========================================================================
Account No   | Holder Name          | Account Type |      Balance
------------------------------------------------------------------------
1002         | Akshay               | Current      | ₹    9500.00
========================================================================

========================================================================
ACCOUNT SNAPSHOT - TIMESTAMP: 2026-08-18T11:11:05.413970200
========================================================================
Account No   | Holder Name          | Account Type |      Balance
------------------------------------------------------------------------
1002         | Akshay               | Current      | ₹    9500.00
========================================================================

========================================================================
ACCOUNT SNAPSHOT - TIMESTAMP: 2026-08-18T11:11:35.415830900
========================================================================
Account No   | Holder Name          | Account Type |      Balance
------------------------------------------------------------------------
1002         | Akshay               | Current      | ₹    9500.00
========================================================================

========================================================================
ACCOUNT SNAPSHOT - TIMESTAMP: 2026-08-18T11:12:05.426226200
========================================================================
Account No   | Holder Name          | Account Type |      Balance
------------------------------------------------------------------------
1002         | Akshay               | Current      | ₹    9500.00
========================================================================

========================================================================
ACCOUNT SNAPSHOT - TIMESTAMP: 2026-08-18T11:12:35.433124300
========================================================================
Account No   | Holder Name          | Account Type |      Balance
------------------------------------------------------------------------
1002         | Akshay               | Current      | ₹    9500.00
========================================================================

========================================================================
ACCOUNT SNAPSHOT - TIMESTAMP: 2026-08-18T11:13:05.436929300
========================================================================
Account No   | Holder Name          | Account Type |      Balance
------------------------------------------------------------------------
1002         | Akshay               | Current      | ₹    9500.00
========================================================================

========================================================================
ACCOUNT SNAPSHOT - TIMESTAMP: 2026-08-18T11:13:35.516534200
========================================================================
Account No   | Holder Name          | Account Type |      Balance
------------------------------------------------------------------------
1002         | Akshay               | Current      | ₹    9500.00
========================================================================

========================================================================
ACCOUNT SNAPSHOT - TIMESTAMP: 2026-08-18T11:14:05.531440400
========================================================================
Account No   | Holder Name          | Account Type |      Balance
------------------------------------------------------------------------
1002         | Akshay               | Current      | ₹    9500.00
========================================================================

========================================================================
ACCOUNT SNAPSHOT - TIMESTAMP: 2026-08-18T11:14:35.538577700
========================================================================
Account No   | Holder Name          | Account Type |      Balance
------------------------------------------------------------------------
1002         | Akshay               | Current      | ₹    9500.00
========================================================================

========================================================================
ACCOUNT SNAPSHOT - TIMESTAMP: 2026-08-18T11:15:05.551020200
========================================================================
Account No   | Holder Name          | Account Type |      Balance
------------------------------------------------------------------------
1002         | Akshay               | Current      | ₹    9500.00
========================================================================

========================================================================
ACCOUNT SNAPSHOT - TIMESTAMP: 2026-08-18T11:15:35.559427500
========================================================================
Account No   | Holder Name          | Account Type |      Balance
------------------------------------------------------------------------
1002         | Akshay               | Current      | ₹    9500.00
========================================================================

========================================================================
ACCOUNT SNAPSHOT - TIMESTAMP: 2026-08-18T11:16:05.567583300
========================================================================
Account No   | Holder Name          | Account Type |      Balance
------------------------------------------------------------------------
1002         | Akshay               | Current      | ₹    9500.00
========================================================================

========================================================================
ACCOUNT SNAPSHOT - TIMESTAMP: 2026-08-18T11:16:35.582389
========================================================================
Account No   | Holder Name          | Account Type |      Balance
------------------------------------------------------------------------
1002         | Akshay               | Current      | ₹    9500.00
========================================================================

========================================================================
ACCOUNT SNAPSHOT - TIMESTAMP: 2026-08-18T11:17:05.590152500
========================================================================
Account No   | Holder Name          | Account Type |      Balance
------------------------------------------------------------------------
1002         | Akshay               | Current      | ₹    9500.00
========================================================================

========================================================================
ACCOUNT SNAPSHOT - TIMESTAMP: 2026-08-18T11:17:35.596811400
========================================================================
Account No   | Holder Name          | Account Type |      Balance
------------------------------------------------------------------------
1002         | Akshay               | Current      | ₹    9500.00
========================================================================

========================================================================
ACCOUNT SNAPSHOT - TIMESTAMP: 2026-08-18T11:18:05.606890
========================================================================
Account No   | Holder Name          | Account Type |      Balance
------------------------------------------------------------------------
1002         | Akshay               | Current      | ₹    9500.00
========================================================================

========================================================================
ACCOUNT SNAPSHOT - TIMESTAMP: 2026-08-18T11:18:35.615924900
========================================================================
Account No   | Holder Name          | Account Type |      Balance
------------------------------------------------------------------------
1002         | Akshay               | Current      | ₹    9500.00
========================================================================

========================================================================
ACCOUNT SNAPSHOT - TIMESTAMP: 2026-08-18T11:19:05.636447600
========================================================================
Account No   | Holder Name          | Account Type |      Balance
------------------------------------------------------------------------
1002         | Akshay               | Current      | ₹    9500.00
========================================================================

========================================================================
ACCOUNT SNAPSHOT - TIMESTAMP: 2026-08-18T11:19:35.642560600
========================================================================
Account No   | Holder Name          | Account Type |      Balance
------------------------------------------------------------------------
1002         | Akshay               | Current      | ₹    9500.00
========================================================================

========================================================================
ACCOUNT SNAPSHOT - TIMESTAMP: 2026-08-18T11:20:05.647829200
========================================================================
Account No   | Holder Name          | Account Type |      Balance
------------------------------------------------------------------------
1002         | Akshay               | Current      | ₹    9500.00
========================================================================

========================================================================
ACCOUNT SNAPSHOT - TIMESTAMP: 2026-08-18T11:20:35.654951500
========================================================================
Account No   | Holder Name          | Account Type |      Balance
------------------------------------------------------------------------
1002         | Akshay               | Current      | ₹    9500.00
========================================================================

========================================================================
ACCOUNT SNAPSHOT - TIMESTAMP: 2026-08-18T11:21:05.665740800
========================================================================
Account No   | Holder Name          | Account Type |      Balance
------------------------------------------------------------------------
1002         | Akshay               | Current      | ₹    9500.00
========================================================================

========================================================================
ACCOUNT SNAPSHOT - TIMESTAMP: 2026-08-18T11:21:35.681991
========================================================================
Account No   | Holder Name          | Account Type |      Balance
------------------------------------------------------------------------
1002         | Akshay               | Current      | ₹    9500.00
========================================================================

========================================================================
ACCOUNT SNAPSHOT - TIMESTAMP: 2026-08-18T11:22:05.692225300
========================================================================
Account No   | Holder Name          | Account Type |      Balance
------------------------------------------------------------------------
1002         | Akshay               | Current      | ₹    9500.00
========================================================================

========================================================================
ACCOUNT SNAPSHOT - TIMESTAMP: 2026-08-18T11:22:35.700496
========================================================================
Account No   | Holder Name          | Account Type |      Balance
------------------------------------------------------------------------
1002         | Akshay               | Current      | ₹    9500.00
========================================================================

========================================================================
ACCOUNT SNAPSHOT - TIMESTAMP: 2026-08-18T11:23:05.716041700
========================================================================
Account No   | Holder Name          | Account Type |      Balance
------------------------------------------------------------------------
1002         | Akshay               | Current      | ₹    9500.00
========================================================================

========================================================================
ACCOUNT SNAPSHOT - TIMESTAMP: 2026-08-18T11:23:35.730463
========================================================================
Account No   | Holder Name          | Account Type |      Balance
------------------------------------------------------------------------
1002         | Akshay               | Current      | ₹    9500.00
========================================================================

========================================================================
ACCOUNT SNAPSHOT - TIMESTAMP: 2026-08-18T11:24:05.742292
========================================================================
Account No   | Holder Name          | Account Type |      Balance
------------------------------------------------------------------------
1002         | Akshay               | Current      | ₹    9500.00
========================================================================

========================================================================
ACCOUNT SNAPSHOT - TIMESTAMP: 2026-08-18T11:24:35.746314100
========================================================================
Account No   | Holder Name          | Account Type |      Balance
------------------------------------------------------------------------
1002         | Akshay               | Current      | ₹    9500.00
========================================================================

========================================================================
ACCOUNT SNAPSHOT - TIMESTAMP: 2026-08-18T11:25:05.764330
========================================================================
Account No   | Holder Name          | Account Type |      Balance
------------------------------------------------------------------------
1002         | Akshay               | Current      | ₹    9500.00
========================================================================

========================================================================
ACCOUNT SNAPSHOT - TIMESTAMP: 2026-08-18T11:25:35.770505900
========================================================================
Account No   | Holder Name          | Account Type |      Balance
------------------------------------------------------------------------
1002         | Akshay               | Current      | ₹    9500.00
========================================================================

========================================================================
ACCOUNT SNAPSHOT - TIMESTAMP: 2026-08-18T11:26:05.778245500
========================================================================
Account No   | Holder Name          | Account Type |      Balance
------------------------------------------------------------------------
1002         | Akshay               | Current      | ₹    9500.00
========================================================================

========================================================================
ACCOUNT SNAPSHOT - TIMESTAMP: 2026-08-18T11:26:35.780425400
========================================================================
Account No   | Holder Name          | Account Type |      Balance
------------------------------------------------------------------------
1002         | Akshay               | Current      | ₹    9500.00
========================================================================

========================================================================
ACCOUNT SNAPSHOT - TIMESTAMP: 2026-08-18T11:27:05.783777500
========================================================================
Account No   | Holder Name          | Account Type |      Balance
------------------------------------------------------------------------
1002         | Akshay               | Current      | ₹    9500.00
========================================================================

========================================================================
ACCOUNT SNAPSHOT - TIMESTAMP: 2026-08-18T11:27:35.787841200
========================================================================
Account No   | Holder Name          | Account Type |      Balance
------------------------------------------------------------------------
1002         | Akshay               | Current      | ₹    9500.00
========================================================================

========================================================================
ACCOUNT SNAPSHOT - TIMESTAMP: 2026-08-18T11:28:05.790366700
========================================================================
Account No   | Holder Name          | Account Type |      Balance
------------------------------------------------------------------------
1002         | Akshay               | Current      | ₹    9500.00
========================================================================

========================================================================
ACCOUNT SNAPSHOT - TIMESTAMP: 2026-08-18T11:28:35.802464700
========================================================================
Account No   | Holder Name          | Account Type |      Balance
------------------------------------------------------------------------
1002         | Akshay               | Current      | ₹    9500.00
========================================================================

========================================================================
ACCOUNT SNAPSHOT - TIMESTAMP: 2026-08-18T11:29:05.805727600
========================================================================
Account No   | Holder Name          | Account Type |      Balance
------------------------------------------------------------------------
1002         | Akshay               | Current      | ₹    9500.00
========================================================================

========================================================================
ACCOUNT SNAPSHOT - TIMESTAMP: 2026-08-18T11:29:35.808491600
========================================================================
Account No   | Holder Name          | Account Type |      Balance
------------------------------------------------------------------------
1002         | Akshay               | Current      | ₹    9500.00
========================================================================

========================================================================
ACCOUNT SNAPSHOT - TIMESTAMP: 2026-08-18T11:30:05.813345900
========================================================================
Account No   | Holder Name          | Account Type |      Balance
------------------------------------------------------------------------
1002         | Akshay               | Current      | ₹    9500.00
========================================================================

========================================================================
ACCOUNT SNAPSHOT - TIMESTAMP: 2026-08-18T11:30:35.818335100
========================================================================
Account No   | Holder Name          | Account Type |      Balance
------------------------------------------------------------------------
1002         | Akshay               | Current      | ₹    9500.00
========================================================================

========================================================================
ACCOUNT SNAPSHOT - TIMESTAMP: 2026-08-18T11:31:05.821622500
========================================================================
Account No   | Holder Name          | Account Type |      Balance
------------------------------------------------------------------------
1002         | Akshay               | Current      | ₹    9500.00
========================================================================

========================================================================
ACCOUNT SNAPSHOT - TIMESTAMP: 2026-08-18T11:31:35.823245400
========================================================================
Account No   | Holder Name          | Account Type |      Balance
------------------------------------------------------------------------
1002         | Akshay               | Current      | ₹    9500.00
========================================================================

========================================================================
ACCOUNT SNAPSHOT - TIMESTAMP: 2026-08-18T11:32:05.826482700
========================================================================
Account No   | Holder Name          | Account Type |      Balance
------------------------------------------------------------------------
1002         | Akshay               | Current      | ₹    9500.00
========================================================================

========================================================================
ACCOUNT SNAPSHOT - TIMESTAMP: 2026-08-18T11:32:35.843966
========================================================================
Account No   | Holder Name          | Account Type |      Balance
------------------------------------------------------------------------
1002         | Akshay               | Current      | ₹    9500.00
========================================================================

========================================================================
ACCOUNT SNAPSHOT - TIMESTAMP: 2026-08-18T11:33:05.848172400
========================================================================
Account No   | Holder Name          | Account Type |      Balance
------------------------------------------------------------------------
1002         | Akshay               | Current      | ₹    9500.00
========================================================================

========================================================================
ACCOUNT SNAPSHOT - TIMESTAMP: 2026-08-18T11:33:35.850193100
========================================================================
Account No   | Holder Name          | Account Type |      Balance
------------------------------------------------------------------------
1002         | Akshay               | Current      | ₹    9500.00
========================================================================

========================================================================
ACCOUNT SNAPSHOT - TIMESTAMP: 2026-08-18T11:34:05.854046600
========================================================================
Account No   | Holder Name          | Account Type |      Balance
------------------------------------------------------------------------
1002         | Akshay               | Current      | ₹    9500.00
========================================================================

========================================================================
ACCOUNT SNAPSHOT - TIMESTAMP: 2026-08-18T11:34:35.857978500
========================================================================
Account No   | Holder Name          | Account Type |      Balance
------------------------------------------------------------------------
1002         | Akshay               | Current      | ₹    9500.00
========================================================================

========================================================================
ACCOUNT SNAPSHOT - TIMESTAMP: 2026-08-18T11:35:05.861418900
========================================================================
Account No   | Holder Name          | Account Type |      Balance
------------------------------------------------------------------------
1002         | Akshay               | Current      | ₹    9500.00
========================================================================

========================================================================
ACCOUNT SNAPSHOT - TIMESTAMP: 2026-08-18T11:35:35.863959600
========================================================================
Account No   | Holder Name          | Account Type |      Balance
------------------------------------------------------------------------
1002         | Akshay               | Current      | ₹    9500.00
========================================================================

========================================================================
ACCOUNT SNAPSHOT - TIMESTAMP: 2026-08-18T11:36:05.879725100
========================================================================
Account No   | Holder Name          | Account Type |      Balance
------------------------------------------------------------------------
1002         | Akshay               | Current      | ₹    9500.00
========================================================================

========================================================================
ACCOUNT SNAPSHOT - TIMESTAMP: 2026-08-18T11:36:35.883441200
========================================================================
Account No   | Holder Name          | Account Type |      Balance
------------------------------------------------------------------------
1002         | Akshay               | Current      | ₹    9500.00
========================================================================

========================================================================
ACCOUNT SNAPSHOT - TIMESTAMP: 2026-08-18T11:37:05.886625100
========================================================================
Account No   | Holder Name          | Account Type |      Balance
------------------------------------------------------------------------
1002         | Akshay               | Current      | ₹    9500.00
========================================================================

========================================================================
ACCOUNT SNAPSHOT - TIMESTAMP: 2026-08-18T11:37:35.893764700
========================================================================
Account No   | Holder Name          | Account Type |      Balance
------------------------------------------------------------------------
1002         | Akshay               | Current      | ₹    9500.00
========================================================================

========================================================================
ACCOUNT SNAPSHOT - TIMESTAMP: 2026-08-18T11:38:05.895825500
========================================================================
Account No   | Holder Name          | Account Type |      Balance
------------------------------------------------------------------------
1002         | Akshay               | Current      | ₹    9500.00
========================================================================

========================================================================
ACCOUNT SNAPSHOT - TIMESTAMP: 2026-08-18T11:38:35.897188400
========================================================================
Account No   | Holder Name          | Account Type |      Balance
------------------------------------------------------------------------
1002         | Akshay               | Current      | ₹    9500.00
========================================================================

========================================================================
ACCOUNT SNAPSHOT - TIMESTAMP: 2026-08-18T11:39:05.898721
========================================================================
Account No   | Holder Name          | Account Type |      Balance
------------------------------------------------------------------------
1002         | Akshay               | Current      | ₹    9500.00
========================================================================

========================================================================
ACCOUNT SNAPSHOT - TIMESTAMP: 2026-08-18T11:39:35.900622100
========================================================================
Account No   | Holder Name          | Account Type |      Balance
------------------------------------------------------------------------
1002         | Akshay               | Current      | ₹    9500.00
========================================================================

========================================================================
ACCOUNT SNAPSHOT - TIMESTAMP: 2026-08-18T11:40:05.911676900
========================================================================
Account No   | Holder Name          | Account Type |      Balance
------------------------------------------------------------------------
1002         | Akshay               | Current      | ₹    9500.00
========================================================================

========================================================================
ACCOUNT SNAPSHOT - TIMESTAMP: 2026-08-18T11:40:35.917681800
========================================================================
Account No   | Holder Name          | Account Type |      Balance
------------------------------------------------------------------------
1002         | Akshay               | Current      | ₹    9500.00
========================================================================

========================================================================
ACCOUNT SNAPSHOT - TIMESTAMP: 2026-08-18T11:41:05.928657800
========================================================================
Account No   | Holder Name          | Account Type |      Balance
------------------------------------------------------------------------
1002         | Akshay               | Current      | ₹    9500.00
========================================================================

========================================================================
ACCOUNT SNAPSHOT - TIMESTAMP: 2026-08-18T11:41:35.930075800
========================================================================
Account No   | Holder Name          | Account Type |      Balance
------------------------------------------------------------------------
1002         | Akshay               | Current      | ₹    9500.00
========================================================================

========================================================================
ACCOUNT SNAPSHOT - TIMESTAMP: 2026-08-18T11:42:05.943143300
========================================================================
Account No   | Holder Name          | Account Type |      Balance
------------------------------------------------------------------------
1002         | Akshay               | Current      | ₹    9500.00
========================================================================

========================================================================
ACCOUNT SNAPSHOT - TIMESTAMP: 2026-08-18T11:42:35.946376700
========================================================================
Account No   | Holder Name          | Account Type |      Balance
------------------------------------------------------------------------
1002         | Akshay               | Current      | ₹    9500.00
========================================================================

========================================================================
ACCOUNT SNAPSHOT - TIMESTAMP: 2026-08-18T11:43:05.953152300
========================================================================
Account No   | Holder Name          | Account Type |      Balance
------------------------------------------------------------------------
1002         | Akshay               | Current      | ₹    9500.00
========================================================================

========================================================================
ACCOUNT SNAPSHOT - TIMESTAMP: 2026-08-18T11:43:35.957223100
========================================================================
Account No   | Holder Name          | Account Type |      Balance
------------------------------------------------------------------------
1002         | Akshay               | Current      | ₹    9500.00
========================================================================

========================================================================
ACCOUNT SNAPSHOT - TIMESTAMP: 2026-08-18T11:44:05.963284200
========================================================================
Account No   | Holder Name          | Account Type |      Balance
------------------------------------------------------------------------
1002         | Akshay               | Current      | ₹    9500.00
========================================================================

========================================================================
ACCOUNT SNAPSHOT - TIMESTAMP: 2026-08-18T11:44:35.965398400
========================================================================
Account No   | Holder Name          | Account Type |      Balance
------------------------------------------------------------------------
1002         | Akshay               | Current      | ₹    9500.00
========================================================================

========================================================================
ACCOUNT SNAPSHOT - TIMESTAMP: 2026-08-18T11:45:05.978346700
========================================================================
Account No   | Holder Name          | Account Type |      Balance
------------------------------------------------------------------------
1002         | Akshay               | Current      | ₹    9500.00
========================================================================

========================================================================
ACCOUNT SNAPSHOT - TIMESTAMP: 2026-08-18T11:45:35.979539400
========================================================================
Account No   | Holder Name          | Account Type |      Balance
------------------------------------------------------------------------
1002         | Akshay               | Current      | ₹    9500.00
========================================================================

========================================================================
ACCOUNT SNAPSHOT - TIMESTAMP: 2026-08-18T11:46:05.989283700
========================================================================
Account No   | Holder Name          | Account Type |      Balance
------------------------------------------------------------------------
1002         | Akshay               | Current      | ₹    9500.00
========================================================================

========================================================================
ACCOUNT SNAPSHOT - TIMESTAMP: 2026-08-18T11:46:35.996612100
========================================================================
Account No   | Holder Name          | Account Type |      Balance
------------------------------------------------------------------------
1002         | Akshay               | Current      | ₹    9500.00
========================================================================

========================================================================
ACCOUNT SNAPSHOT - TIMESTAMP: 2026-08-18T11:47:06.001120400
========================================================================
Account No   | Holder Name          | Account Type |      Balance
------------------------------------------------------------------------
1002         | Akshay               | Current      | ₹    9500.00
========================================================================

========================================================================
ACCOUNT SNAPSHOT - TIMESTAMP: 2026-08-18T11:47:36.010677800
========================================================================
Account No   | Holder Name          | Account Type |      Balance
------------------------------------------------------------------------
1002         | Akshay               | Current      | ₹    9500.00
========================================================================

========================================================================
ACCOUNT SNAPSHOT - TIMESTAMP: 2026-08-18T11:48:06.015758800
========================================================================
Account No   | Holder Name          | Account Type |      Balance
------------------------------------------------------------------------
1002         | Akshay               | Current      | ₹    9500.00
========================================================================

========================================================================
ACCOUNT SNAPSHOT - TIMESTAMP: 2026-08-18T11:48:36.022009100
========================================================================
Account No   | Holder Name          | Account Type |      Balance
------------------------------------------------------------------------
1002         | Akshay               | Current      | ₹    9500.00
========================================================================

========================================================================
ACCOUNT SNAPSHOT - TIMESTAMP: 2026-08-18T11:49:06.029046
========================================================================
Account No   | Holder Name          | Account Type |      Balance
------------------------------------------------------------------------
1002         | Akshay               | Current      | ₹    9500.00
========================================================================

========================================================================
ACCOUNT SNAPSHOT - TIMESTAMP: 2026-08-18T11:49:36.035329100
========================================================================
Account No   | Holder Name          | Account Type |      Balance
------------------------------------------------------------------------
1002         | Akshay               | Current      | ₹    9500.00
========================================================================

========================================================================
ACCOUNT SNAPSHOT - TIMESTAMP: 2026-08-18T11:50:06.041354700
========================================================================
Account No   | Holder Name          | Account Type |      Balance
------------------------------------------------------------------------
1002         | Akshay               | Current      | ₹    9500.00
========================================================================

========================================================================
ACCOUNT SNAPSHOT - TIMESTAMP: 2026-08-18T11:50:36.048778300
========================================================================
Account No   | Holder Name          | Account Type |      Balance
------------------------------------------------------------------------
1002         | Akshay               | Current      | ₹    9500.00
========================================================================

========================================================================
ACCOUNT SNAPSHOT - TIMESTAMP: 2026-08-18T11:51:06.057996800
========================================================================
Account No   | Holder Name          | Account Type |      Balance
------------------------------------------------------------------------
1002         | Akshay               | Current      | ₹    9500.00
========================================================================

========================================================================
ACCOUNT SNAPSHOT - TIMESTAMP: 2026-08-18T11:51:36.058972
========================================================================
Account No   | Holder Name          | Account Type |      Balance
------------------------------------------------------------------------
1002         | Akshay               | Current      | ₹    9500.00
========================================================================

========================================================================
ACCOUNT SNAPSHOT - TIMESTAMP: 2026-08-18T11:52:06.068663
========================================================================
Account No   | Holder Name          | Account Type |      Balance
------------------------------------------------------------------------
1002         | Akshay               | Current      | ₹    9500.00
========================================================================

========================================================================
ACCOUNT SNAPSHOT - TIMESTAMP: 2026-08-18T11:52:36.074843800
========================================================================
Account No   | Holder Name          | Account Type |      Balance
------------------------------------------------------------------------
1002         | Akshay               | Current      | ₹    9500.00
========================================================================

========================================================================
ACCOUNT SNAPSHOT - TIMESTAMP: 2026-08-18T11:53:06.080992300
========================================================================
Account No   | Holder Name          | Account Type |      Balance
------------------------------------------------------------------------
1002         | Akshay               | Current      | ₹    9500.00
========================================================================

========================================================================
ACCOUNT SNAPSHOT - TIMESTAMP: 2026-08-18T11:53:36.086021
========================================================================
Account No   | Holder Name          | Account Type |      Balance
------------------------------------------------------------------------
1002         | Akshay               | Current      | ₹    9500.00
========================================================================

========================================================================
ACCOUNT SNAPSHOT - TIMESTAMP: 2026-08-18T11:54:06.095475700
========================================================================
Account No   | Holder Name          | Account Type |      Balance
------------------------------------------------------------------------
1002         | Akshay               | Current      | ₹    9500.00
========================================================================

========================================================================
ACCOUNT SNAPSHOT - TIMESTAMP: 2026-08-18T11:54:36.100460300
========================================================================
Account No   | Holder Name          | Account Type |      Balance
------------------------------------------------------------------------
1002         | Akshay               | Current      | ₹    9500.00
========================================================================

========================================================================
ACCOUNT SNAPSHOT - TIMESTAMP: 2026-08-18T11:55:06.104109600
========================================================================
Account No   | Holder Name          | Account Type |      Balance
------------------------------------------------------------------------
1002         | Akshay               | Current      | ₹    9500.00
========================================================================

========================================================================
ACCOUNT SNAPSHOT - TIMESTAMP: 2026-08-18T11:55:36.114661
========================================================================
Account No   | Holder Name          | Account Type |      Balance
------------------------------------------------------------------------
1002         | Akshay               | Current      | ₹    9500.00
========================================================================

========================================================================
ACCOUNT SNAPSHOT - TIMESTAMP: 2026-08-18T11:56:06.131191200
========================================================================
Account No   | Holder Name          | Account Type |      Balance
------------------------------------------------------------------------
1002         | Akshay               | Current      | ₹    9500.00
========================================================================

========================================================================
ACCOUNT SNAPSHOT - TIMESTAMP: 2026-08-18T11:56:36.137071200
========================================================================
Account No   | Holder Name          | Account Type |      Balance
------------------------------------------------------------------------
1002         | Akshay               | Current      | ₹    9500.00
========================================================================

========================================================================
ACCOUNT SNAPSHOT - TIMESTAMP: 2026-08-19T10:49:09.813357300
========================================================================
Account No   | Holder Name          | Account Type |      Balance
------------------------------------------------------------------------
1002         | Akshay               | Current      | ₹    9500.00
========================================================================

========================================================================
ACCOUNT SNAPSHOT - TIMESTAMP: 2026-08-19T10:49:39.750827900
========================================================================
Account No   | Holder Name          | Account Type |      Balance
------------------------------------------------------------------------
1002         | Akshay               | Current      | ₹    9500.00
========================================================================

========================================================================
ACCOUNT SNAPSHOT - TIMESTAMP: 2026-08-19T10:50:09.758362900
========================================================================
Account No   | Holder Name          | Account Type |      Balance
------------------------------------------------------------------------
1002         | Akshay               | Current      | ₹    9500.00
========================================================================

========================================================================
ACCOUNT SNAPSHOT - TIMESTAMP: 2026-08-19T10:50:39.765011700
========================================================================
Account No   | Holder Name          | Account Type |      Balance
------------------------------------------------------------------------
1002         | Akshay               | Current      | ₹    9500.00
========================================================================

========================================================================
ACCOUNT SNAPSHOT - TIMESTAMP: 2026-08-19T10:51:09.769913300
========================================================================
Account No   | Holder Name          | Account Type |      Balance
------------------------------------------------------------------------
1002         | Akshay               | Current      | ₹    9500.00
========================================================================

========================================================================
ACCOUNT SNAPSHOT - TIMESTAMP: 2026-08-19T10:51:39.786965200
========================================================================
Account No   | Holder Name          | Account Type |      Balance
------------------------------------------------------------------------
1002         | Akshay               | Current      | ₹    9500.00
========================================================================

========================================================================
ACCOUNT SNAPSHOT - TIMESTAMP: 2026-08-19T10:52:09.797879700
========================================================================
Account No   | Holder Name          | Account Type |      Balance
------------------------------------------------------------------------
1002         | Akshay               | Current      | ₹    9500.00
========================================================================

========================================================================
ACCOUNT SNAPSHOT - TIMESTAMP: 2026-08-19T10:52:39.805673600
========================================================================
Account No   | Holder Name          | Account Type |      Balance
------------------------------------------------------------------------
1002         | Akshay               | Current      | ₹    9500.00
========================================================================

========================================================================
ACCOUNT SNAPSHOT - TIMESTAMP: 2026-08-19T10:53:09.810017700
========================================================================
Account No   | Holder Name          | Account Type |      Balance
------------------------------------------------------------------------
1002         | Akshay               | Current      | ₹    9500.00
========================================================================

========================================================================
ACCOUNT SNAPSHOT - TIMESTAMP: 2026-08-19T10:53:39.826825300
========================================================================
Account No   | Holder Name          | Account Type |      Balance
------------------------------------------------------------------------
1002         | Akshay               | Current      | ₹    9500.00
========================================================================

========================================================================
ACCOUNT SNAPSHOT - TIMESTAMP: 2026-08-19T10:54:09.840056900
========================================================================
Account No   | Holder Name          | Account Type |      Balance
------------------------------------------------------------------------
1002         | Akshay               | Current      | ₹    9500.00
========================================================================

========================================================================
ACCOUNT SNAPSHOT - TIMESTAMP: 2026-08-19T10:54:39.855430
========================================================================
Account No   | Holder Name          | Account Type |      Balance
------------------------------------------------------------------------
1002         | Akshay               | Current      | ₹    9500.00
========================================================================

========================================================================
ACCOUNT SNAPSHOT - TIMESTAMP: 2026-08-19T10:55:09.866553500
========================================================================
Account No   | Holder Name          | Account Type |      Balance
------------------------------------------------------------------------
1002         | Akshay               | Current      | ₹    9500.00
========================================================================

========================================================================
ACCOUNT SNAPSHOT - TIMESTAMP: 2026-08-19T10:55:39.872577
========================================================================
Account No   | Holder Name          | Account Type |      Balance
------------------------------------------------------------------------
1002         | Akshay               | Current      | ₹    9500.00
========================================================================

========================================================================
ACCOUNT SNAPSHOT - TIMESTAMP: 2026-08-19T10:56:09.888766
========================================================================
Account No   | Holder Name          | Account Type |      Balance
------------------------------------------------------------------------
1002         | Akshay               | Current      | ₹    9500.00
========================================================================

========================================================================
ACCOUNT SNAPSHOT - TIMESTAMP: 2026-08-19T10:56:39.896882400
========================================================================
Account No   | Holder Name          | Account Type |      Balance
------------------------------------------------------------------------
1002         | Akshay               | Current      | ₹    9500.00
========================================================================

========================================================================
ACCOUNT SNAPSHOT - TIMESTAMP: 2026-08-19T10:57:09.912408600
========================================================================
Account No   | Holder Name          | Account Type |      Balance
------------------------------------------------------------------------
1002         | Akshay               | Current      | ₹    9500.00
========================================================================

========================================================================
ACCOUNT SNAPSHOT - TIMESTAMP: 2026-08-19T10:57:39.930860600
========================================================================
Account No   | Holder Name          | Account Type |      Balance
------------------------------------------------------------------------
1002         | Akshay               | Current      | ₹    9500.00
========================================================================

========================================================================
ACCOUNT SNAPSHOT - TIMESTAMP: 2026-08-19T10:58:09.940970900
========================================================================
Account No   | Holder Name          | Account Type |      Balance
------------------------------------------------------------------------
1002         | Akshay               | Current      | ₹    9500.00
========================================================================

========================================================================
ACCOUNT SNAPSHOT - TIMESTAMP: 2026-08-19T10:58:39.959101900
========================================================================
Account No   | Holder Name          | Account Type |      Balance
------------------------------------------------------------------------
1002         | Akshay               | Current      | ₹    9500.00
========================================================================

========================================================================
ACCOUNT SNAPSHOT - TIMESTAMP: 2026-08-19T10:59:09.963548200
========================================================================
Account No   | Holder Name          | Account Type |      Balance
------------------------------------------------------------------------
1002         | Akshay               | Current      | ₹    9500.00
========================================================================

========================================================================
ACCOUNT SNAPSHOT - TIMESTAMP: 2026-08-19T10:59:39.967983
========================================================================
Account No   | Holder Name          | Account Type |      Balance
------------------------------------------------------------------------
1002         | Akshay               | Current      | ₹    9500.00
========================================================================

========================================================================
ACCOUNT SNAPSHOT - TIMESTAMP: 2026-08-19T11:00:09.985045800
========================================================================
Account No   | Holder Name          | Account Type |      Balance
------------------------------------------------------------------------
1002         | Akshay               | Current      | ₹    9500.00
========================================================================

========================================================================
ACCOUNT SNAPSHOT - TIMESTAMP: 2026-08-19T11:00:39.994045300
========================================================================
Account No   | Holder Name          | Account Type |      Balance
------------------------------------------------------------------------
1002         | Akshay               | Current      | ₹    9500.00
========================================================================

========================================================================
ACCOUNT SNAPSHOT - TIMESTAMP: 2026-08-19T11:01:10.011349200
========================================================================
Account No   | Holder Name          | Account Type |      Balance
------------------------------------------------------------------------
1002         | Akshay               | Current      | ₹    9500.00
========================================================================

========================================================================
ACCOUNT SNAPSHOT - TIMESTAMP: 2026-08-19T11:01:40.028108500
========================================================================
Account No   | Holder Name          | Account Type |      Balance
------------------------------------------------------------------------
1002         | Akshay               | Current      | ₹    9500.00
========================================================================

========================================================================
ACCOUNT SNAPSHOT - TIMESTAMP: 2026-08-19T11:02:10.037917600
========================================================================
Account No   | Holder Name          | Account Type |      Balance
------------------------------------------------------------------------
1002         | Akshay               | Current      | ₹    9500.00
========================================================================

========================================================================
ACCOUNT SNAPSHOT - TIMESTAMP: 2026-08-19T11:02:40.050374100
========================================================================
Account No   | Holder Name          | Account Type |      Balance
------------------------------------------------------------------------
1002         | Akshay               | Current      | ₹    9500.00
========================================================================

========================================================================
ACCOUNT SNAPSHOT - TIMESTAMP: 2026-08-19T11:03:10.069001800
========================================================================
Account No   | Holder Name          | Account Type |      Balance
------------------------------------------------------------------------
1002         | Akshay               | Current      | ₹    9500.00
========================================================================

========================================================================
ACCOUNT SNAPSHOT - TIMESTAMP: 2026-08-19T11:03:40.080063400
========================================================================
Account No   | Holder Name          | Account Type |      Balance
------------------------------------------------------------------------
1002         | Akshay               | Current      | ₹    9500.00
========================================================================

========================================================================
ACCOUNT SNAPSHOT - TIMESTAMP: 2026-08-19T11:04:10.087706300
========================================================================
Account No   | Holder Name          | Account Type |      Balance
------------------------------------------------------------------------
1002         | Akshay               | Current      | ₹    9500.00
========================================================================

========================================================================
ACCOUNT SNAPSHOT - TIMESTAMP: 2026-08-19T11:04:40.106772200
========================================================================
Account No   | Holder Name          | Account Type |      Balance
------------------------------------------------------------------------
1002         | Akshay               | Current      | ₹    9500.00
========================================================================

========================================================================
ACCOUNT SNAPSHOT - TIMESTAMP: 2026-08-19T11:05:10.118861100
========================================================================
Account No   | Holder Name          | Account Type |      Balance
------------------------------------------------------------------------
1002         | Akshay               | Current      | ₹    9500.00
========================================================================

========================================================================
ACCOUNT SNAPSHOT - TIMESTAMP: 2026-08-19T11:05:40.127224
========================================================================
Account No   | Holder Name          | Account Type |      Balance
------------------------------------------------------------------------
1002         | Akshay               | Current      | ₹    9500.00
========================================================================

========================================================================
ACCOUNT SNAPSHOT - TIMESTAMP: 2026-08-19T11:06:10.140500500
========================================================================
Account No   | Holder Name          | Account Type |      Balance
------------------------------------------------------------------------
1002         | Akshay               | Current      | ₹    9500.00
========================================================================

========================================================================
ACCOUNT SNAPSHOT - TIMESTAMP: 2026-08-19T11:06:40.157424300
========================================================================
Account No   | Holder Name          | Account Type |      Balance
------------------------------------------------------------------------
1002         | Akshay               | Current      | ₹    9500.00
========================================================================

========================================================================
ACCOUNT SNAPSHOT - TIMESTAMP: 2026-08-19T11:07:10.176358300
========================================================================
Account No   | Holder Name          | Account Type |      Balance
------------------------------------------------------------------------
1002         | Akshay               | Current      | ₹    9500.00
========================================================================

========================================================================
ACCOUNT SNAPSHOT - TIMESTAMP: 2026-08-19T11:07:40.182735900
========================================================================
Account No   | Holder Name          | Account Type |      Balance
------------------------------------------------------------------------
1002         | Akshay               | Current      | ₹    9500.00
========================================================================

========================================================================
ACCOUNT SNAPSHOT - TIMESTAMP: 2026-08-19T11:08:10.189355700
========================================================================
Account No   | Holder Name          | Account Type |      Balance
------------------------------------------------------------------------
1002         | Akshay               | Current      | ₹    9500.00
========================================================================

========================================================================
ACCOUNT SNAPSHOT - TIMESTAMP: 2026-08-19T11:08:40.196776600
========================================================================
Account No   | Holder Name          | Account Type |      Balance
------------------------------------------------------------------------
1002         | Akshay               | Current      | ₹    9500.00
========================================================================

========================================================================
ACCOUNT SNAPSHOT - TIMESTAMP: 2026-08-19T11:09:10.203399500
========================================================================
Account No   | Holder Name          | Account Type |      Balance
------------------------------------------------------------------------
1002         | Akshay               | Current      | ₹    9500.00
========================================================================

========================================================================
ACCOUNT SNAPSHOT - TIMESTAMP: 2026-08-19T11:09:40.209638
========================================================================
Account No   | Holder Name          | Account Type |      Balance
------------------------------------------------------------------------
1002         | Akshay               | Current      | ₹    9500.00
========================================================================

========================================================================
ACCOUNT SNAPSHOT - TIMESTAMP: 2026-08-19T11:10:10.214687200
========================================================================
Account No   | Holder Name          | Account Type |      Balance
------------------------------------------------------------------------
1002         | Akshay               | Current      | ₹    9500.00
========================================================================

========================================================================
ACCOUNT SNAPSHOT - TIMESTAMP: 2026-08-19T14:10:38.601805300
========================================================================
Account No   | Holder Name          | Account Type |      Balance
------------------------------------------------------------------------
1002         | Akshay               | Current      | ₹    9500.00
========================================================================

========================================================================
ACCOUNT SNAPSHOT - TIMESTAMP: 2026-08-19T18:06:49.117226800
========================================================================
Account No   | Holder Name          | Account Type |      Balance
------------------------------------------------------------------------
1002         | Akshay               | Current      | ₹    9500.00
========================================================================

========================================================================
ACCOUNT SNAPSHOT - TIMESTAMP: 2026-08-19T18:07:19.120135200
========================================================================
Account No   | Holder Name          | Account Type |      Balance
------------------------------------------------------------------------
1002         | Akshay               | Current      | ₹    9500.00
========================================================================

========================================================================
ACCOUNT SNAPSHOT - TIMESTAMP: 2026-08-19T18:07:49.126407200
========================================================================
Account No   | Holder Name          | Account Type |      Balance
------------------------------------------------------------------------
1002         | Akshay               | Current      | ₹    9500.00
========================================================================

========================================================================
ACCOUNT SNAPSHOT - TIMESTAMP: 2026-08-19T18:08:19.130319600
========================================================================
Account No   | Holder Name          | Account Type |      Balance
------------------------------------------------------------------------
1002         | Akshay               | Current      | ₹    9500.00
========================================================================

========================================================================
ACCOUNT SNAPSHOT - TIMESTAMP: 2026-08-19T18:08:49.144463600
========================================================================
Account No   | Holder Name          | Account Type |      Balance
------------------------------------------------------------------------
1002         | Akshay               | Current      | ₹    9500.00
========================================================================

========================================================================
ACCOUNT SNAPSHOT - TIMESTAMP: 2026-08-21T01:26:33.557086800
========================================================================
Account No   | Holder Name          | Account Type |      Balance
------------------------------------------------------------------------
1002         | Akshay               | Current      | ₹    9500.00
========================================================================

========================================================================
ACCOUNT SNAPSHOT - TIMESTAMP: 2026-08-21T01:27:03.528959900
========================================================================
Account No   | Holder Name          | Account Type |      Balance
------------------------------------------------------------------------
1002         | Akshay               | Current      | ₹    9500.00
========================================================================

========================================================================
ACCOUNT SNAPSHOT - TIMESTAMP: 2026-08-21T01:27:33.546463300
========================================================================
Account No   | Holder Name          | Account Type |      Balance
------------------------------------------------------------------------
1002         | Akshay               | Current      | ₹    9500.00
========================================================================

========================================================================
ACCOUNT SNAPSHOT - TIMESTAMP: 2026-09-27T15:24:13.641048400
========================================================================
Account No   | Holder Name          | Account Type |      Balance
------------------------------------------------------------------------
1002         | Akshay               | Current      | ₹    9500.00
========================================================================

========================================================================
ACCOUNT SNAPSHOT - TIMESTAMP: 2026-09-27T15:24:43.442142500
========================================================================
Account No   | Holder Name          | Account Type |      Balance
------------------------------------------------------------------------
1002         | Akshay               | Current      | ₹    9500.00
========================================================================

========================================================================
ACCOUNT SNAPSHOT - TIMESTAMP: 2026-09-27T15:25:13.449384500
========================================================================
Account No   | Holder Name          | Account Type |      Balance
------------------------------------------------------------------------
1002         | Akshay               | Current      | ₹    9500.00
========================================================================

========================================================================
ACCOUNT SNAPSHOT - TIMESTAMP: 2026-09-27T15:25:43.453101200
========================================================================
Account No   | Holder Name          | Account Type |      Balance
------------------------------------------------------------------------
1002         | Akshay               | Current      | ₹    9500.00
========================================================================

========================================================================
ACCOUNT SNAPSHOT - TIMESTAMP: 2026-09-27T15:26:13.457117200
========================================================================
Account No   | Holder Name          | Account Type |      Balance
------------------------------------------------------------------------
1002         | Akshay               | Current      | ₹    9500.00
========================================================================

========================================================================
ACCOUNT SNAPSHOT - TIMESTAMP: 2026-09-27T15:26:43.465580300
========================================================================
Account No   | Holder Name          | Account Type |      Balance
------------------------------------------------------------------------
1002         | Akshay               | Current      | ₹    9500.00
========================================================================

========================================================================
ACCOUNT SNAPSHOT - TIMESTAMP: 2026-09-27T15:27:13.471252
========================================================================
Account No   | Holder Name          | Account Type |      Balance
------------------------------------------------------------------------
1002         | Akshay               | Current      | ₹    9500.00
========================================================================

========================================================================
ACCOUNT SNAPSHOT - TIMESTAMP: 2026-09-27T15:27:43.476215200
========================================================================
Account No   | Holder Name          | Account Type |      Balance
------------------------------------------------------------------------
1002         | Akshay               | Current      | ₹    9500.00
========================================================================

========================================================================
ACCOUNT SNAPSHOT - TIMESTAMP: 2026-09-27T15:28:13.480187600
========================================================================
Account No   | Holder Name          | Account Type |      Balance
------------------------------------------------------------------------
1002         | Akshay               | Current      | ₹    9500.00
========================================================================

========================================================================
ACCOUNT SNAPSHOT - TIMESTAMP: 2026-09-27T15:28:43.483788100
========================================================================
Account No   | Holder Name          | Account Type |      Balance
------------------------------------------------------------------------
1002         | Akshay               | Current      | ₹    9500.00
========================================================================

========================================================================
ACCOUNT SNAPSHOT - TIMESTAMP: 2026-09-27T15:29:13.487956200
========================================================================
Account No   | Holder Name          | Account Type |      Balance
------------------------------------------------------------------------
1002         | Akshay               | Current      | ₹    9500.00
========================================================================

========================================================================
ACCOUNT SNAPSHOT - TIMESTAMP: 2026-09-27T15:29:43.490993700
========================================================================
Account No   | Holder Name          | Account Type |      Balance
------------------------------------------------------------------------
1002         | Akshay               | Current      | ₹    9500.00
========================================================================

========================================================================
ACCOUNT SNAPSHOT - TIMESTAMP: 2026-09-27T15:30:13.506791700
========================================================================
Account No   | Holder Name          | Account Type |      Balance
------------------------------------------------------------------------
1002         | Akshay               | Current      | ₹    9500.00
========================================================================

========================================================================
ACCOUNT SNAPSHOT - TIMESTAMP: 2026-09-27T15:30:43.511893600
========================================================================
Account No   | Holder Name          | Account Type |      Balance
------------------------------------------------------------------------
1002         | Akshay               | Current      | ₹    9500.00
========================================================================

========================================================================
ACCOUNT SNAPSHOT - TIMESTAMP: 2026-09-27T15:31:13.522867800
========================================================================
Account No   | Holder Name          | Account Type |      Balance
------------------------------------------------------------------------
1002         | Akshay               | Current      | ₹    9500.00
========================================================================

========================================================================
ACCOUNT SNAPSHOT - TIMESTAMP: 2026-09-27T15:31:43.532151400
========================================================================
Account No   | Holder Name          | Account Type |      Balance
------------------------------------------------------------------------
1002         | Akshay               | Current      | ₹    9500.00
========================================================================

========================================================================
ACCOUNT SNAPSHOT - TIMESTAMP: 2026-09-27T15:32:13.548587900
========================================================================
Account No   | Holder Name          | Account Type |      Balance
------------------------------------------------------------------------
1002         | Akshay               | Current      | ₹    9500.00
========================================================================

========================================================================
ACCOUNT SNAPSHOT - TIMESTAMP: 2026-09-27T15:32:43.557013800
========================================================================
Account No   | Holder Name          | Account Type |      Balance
------------------------------------------------------------------------
1002         | Akshay               | Current      | ₹    9500.00
========================================================================

========================================================================
ACCOUNT SNAPSHOT - TIMESTAMP: 2026-09-27T15:33:13.562070500
========================================================================
Account No   | Holder Name          | Account Type |      Balance
------------------------------------------------------------------------
1002         | Akshay               | Current      | ₹    9500.00
========================================================================

========================================================================
ACCOUNT SNAPSHOT - TIMESTAMP: 2026-09-27T15:33:43.567442600
========================================================================
Account No   | Holder Name          | Account Type |      Balance
------------------------------------------------------------------------
1002         | Akshay               | Current      | ₹    9500.00
========================================================================

